Age,1958,1959,1960,1961,1962,1963,1964,1965,1966,1967,1968,1969,1970,1971,1972,1973,1974,1975,1976,1977,1978,1979,1980,1981,1982,1983,1984,1985,1986,1987,1988,1989,1990,1991,1992,1993,1994,1995,1996,1997,1998,1999,2000,2001,2002,2003,2004,2005,2006,2007,2008,2009,2010,2011,2012,2013,2014,2015,2016,2017,2018
0,0.083710,0.082573,0.064723,0.061334,0.062276,0.056428,0.053927,0.047667,0.044346,0.043492,0.038231,0.039950,0.044343,0.039918,0.037572,0.035207,0.032197,0.033739,0.032681,0.032969,0.031714,0.030114,0.029475,0.028600,0.028426,0.026931,0.025809,0.024432,0.023499,0.023823,0.023443,0.022642,0.021667,0.020529,0.019113,0.017818,0.016299,0.014244,0.013511,0.010809,0.010300,0.009589,0.008809,0.008177,0.008007,0.007597,0.007416,0.006927,0.006633,0.006441,0.006102,0.005832,0.005328,0.005006,0.005027,0.004945,0.004657,0.004432,0.004612,0.004553,0.004194
1,0.005034,0.005190,0.003490,0.003763,0.003266,0.003334,0.002980,0.002647,0.002514,0.002363,0.002137,0.002123,0.002051,0.002238,0.001812,0.001689,0.001456,0.001573,0.001303,0.001400,0.001467,0.001363,0.001339,0.001263,0.001197,0.001270,0.001060,0.001137,0.001186,0.001142,0.001156,0.001104,0.001128,0.000990,0.000927,0.000793,0.000890,0.000814,0.000716,0.000562,0.000521,0.000694,0.000631,0.000595,0.000561,0.000527,0.000462,0.000463,0.000457,0.000426,0.000449,0.000327,0.000350,0.000318,0.000294,0.000267,0.000293,0.000330,0.000246,0.000306,0.000260
2,0.002034,0.001970,0.001676,0.001628,0.001556,0.001447,0.001251,0.001244,0.001173,0.001277,0.001143,0.001088,0.001055,0.001056,0.000905,0.000981,0.000995,0.000917,0.000946,0.000899,0.000842,0.000800,0.000886,0.000808,0.000700,0.000659,0.000717,0.000658,0.000681,0.000630,0.000624,0.000651,0.000747,0.000560,0.000573,0.000545,0.000485,0.000477,0.000467,0.000489,0.000401,0.000414,0.000337,0.000236,0.000320,0.000281,0.000291,0.000292,0.000267,0.000309,0.000260,0.000252,0.000220,0.000193,0.000276,0.000207,0.000153,0.000170,0.000173,0.000151,0.000166
3,0.001463,0.001448,0.001115,0.001115,0.001060,0.001128,0.000828,0.000899,0.000958,0.000914,0.000888,0.000811,0.000905,0.000901,0.000827,0.000838,0.000652,0.000724,0.000699,0.000675,0.000818,0.000656,0.000749,0.000665,0.000559,0.000585,0.000642,0.000590,0.000459,0.000519,0.000460,0.000561,0.000529,0.000539,0.000480,0.000430,0.000440,0.000290,0.000382,0.000333,0.000366,0.000305,0.000242,0.000301,0.000246,0.000219,0.000187,0.000162,0.000215,0.000191,0.000245,0.000151,0.000124,0.000205,0.000197,0.000188,0.000125,0.000148,0.000165,0.000131,0.000161
4,0.001073,0.001081,0.000875,0.000859,0.000869,0.000967,0.000771,0.000826,0.000766,0.000740,0.000712,0.000694,0.000683,0.000716,0.000703,0.000633,0.000690,0.000725,0.000604,0.000549,0.000584,0.000569,0.000608,0.000555,0.000498,0.000474,0.000502,0.000447,0.000449,0.000454,0.000349,0.000401,0.000454,0.000372,0.000388,0.000318,0.000305,0.000335,0.000328,0.000327,0.000228,0.000318,0.000218,0.000254,0.000253,0.000211,0.000199,0.000229,0.000216,0.000204,0.000197,0.000117,0.000135,0.000153,0.000145,0.000130,0.000124,0.000106,0.000138,0.000139,0.000083
5,0.000943,0.000901,0.000809,0.000806,0.000765,0.000674,0.000572,0.000752,0.000641,0.000655,0.000707,0.000624,0.000647,0.000650,0.000662,0.000619,0.000551,0.000606,0.000564,0.000540,0.000497,0.000524,0.000513,0.000442,0.000562,0.000502,0.000426,0.000342,0.000386,0.000374,0.000347,0.000376,0.000378,0.000316,0.000306,0.000310,0.000309,0.000255,0.000245,0.000226,0.000241,0.000245,0.000187,0.000230,0.000176,0.000243,0.000211,0.000168,0.000219,0.000178,0.000177,0.000208,0.000165,0.000182,0.000148,0.000084,0.000112,0.000110,0.000077,0.000074,0.000082
6,0.000850,0.000789,0.000676,0.000656,0.000671,0.000635,0.000677,0.000572,0.000589,0.000557,0.000599,0.000604,0.000489,0.000540,0.000574,0.000534,0.000436,0.000516,0.000512,0.000456,0.000498,0.000490,0.000489,0.000551,0.000517,0.000427,0.000379,0.000406,0.000337,0.000322,0.000374,0.000333,0.000345,0.000281,0.000286,0.000273,0.000237,0.000305,0.000252,0.000230,0.000257,0.000265,0.000225,0.000169,0.000207,0.000148,0.000195,0.000171,0.000163,0.000162,0.000162,0.000144,0.000088,0.000144,0.000130,0.000114,0.000103,0.000085,0.000143,0.000106,0.000079
7,0.000788,0.000830,0.000574,0.000646,0.000602,0.000618,0.000523,0.000498,0.000552,0.000583,0.000646,0.000546,0.000542,0.000595,0.000510,0.000520,0.000460,0.000597,0.000454,0.000546,0.000488,0.000463,0.000494,0.000457,0.000523,0.000391,0.000412,0.000363,0.000373,0.000343,0.000362,0.000320,0.000246,0.000252,0.000250,0.000268,0.000276,0.000270,0.000293,0.000237,0.000230,0.000279,0.000217,0.000191,0.000165,0.000239,0.000190,0.000185,0.000156,0.000123,0.000209,0.000125,0.000133,0.000115,0.000102,0.000125,0.000114,0.000084,0.000085,0.000083,0.000096
8,0.000692,0.000745,0.000634,0.000658,0.000597,0.000554,0.000466,0.000454,0.000531,0.000457,0.000482,0.000526,0.000507,0.000535,0.000525,0.000395,0.000383,0.000410,0.000399,0.000489,0.000482,0.000438,0.000503,0.000457,0.000454,0.000353,0.000339,0.000332,0.000376,0.000296,0.000339,0.000355,0.000347,0.000345,0.000312,0.000253,0.000277,0.000302,0.000296,0.000260,0.000219,0.000219,0.000219,0.000216,0.000240,0.000213,0.000144,0.000134,0.000185,0.000151,0.000102,0.000188,0.000103,0.000133,0.000115,0.000134,0.000073,0.000099,0.000098,0.000099,0.000133
9,0.000668,0.000611,0.000615,0.000575,0.000533,0.000545,0.000450,0.000390,0.000480,0.000482,0.000466,0.000426,0.000445,0.000435,0.000502,0.000427,0.000437,0.000494,0.000347,0.000438,0.000497,0.000412,0.000372,0.000454,0.000448,0.000428,0.000400,0.000339,0.000344,0.000308,0.000316,0.000436,0.000311,0.000318,0.000274,0.000255,0.000253,0.000240,0.000246,0.000227,0.000214,0.000184,0.000183,0.000240,0.000216,0.000151,0.000196,0.000144,0.000185,0.000141,0.000141,0.000133,0.000173,0.000125,0.000149,0.000088,0.000102,0.000099,0.000114,0.000094,0.000108
10,0.000642,0.000670,0.000557,0.000607,0.000598,0.000526,0.000478,0.000396,0.000481,0.000439,0.000449,0.000371,0.000451,0.000435,0.000417,0.000445,0.000376,0.000445,0.000303,0.000434,0.000375,0.000392,0.000460,0.000373,0.000405,0.000366,0.000335,0.000363,0.000349,0.000279,0.000308,0.000338,0.000322,0.000315,0.000334,0.000314,0.000258,0.000236,0.000247,0.000240,0.000230,0.000255,0.000208,0.000182,0.000218,0.000216,0.000147,0.000196,0.000172,0.000181,0.000142,0.000161,0.000123,0.000141,0.000141,0.000122,0.000115,0.000107,0.000099,0.000109,0.000103
11,0.000615,0.000694,0.000577,0.000540,0.000550,0.000491,0.000484,0.000462,0.000396,0.000470,0.000454,0.000397,0.000400,0.000472,0.000369,0.000406,0.000335,0.000445,0.000304,0.000353,0.000352,0.000394,0.000342,0.000453,0.000358,0.000409,0.000339,0.000365,0.000283,0.000328,0.000263,0.000356,0.000252,0.000312,0.000319,0.000223,0.000275,0.000250,0.000210,0.000237,0.000233,0.000219,0.000209,0.000207,0.000211,0.000199,0.000193,0.000147,0.000218,0.000194,0.000098,0.000122,0.000167,0.000123,0.000099,0.000119,0.000083,0.000132,0.000118,0.000089,0.000119
12,0.000575,0.000671,0.000587,0.000599,0.000565,0.000563,0.000462,0.000369,0.000418,0.000459,0.000438,0.000391,0.000403,0.000459,0.000445,0.000395,0.000374,0.000387,0.000351,0.000371,0.000438,0.000424,0.000412,0.000385,0.000354,0.000392,0.000313,0.000339,0.000356,0.000328,0.000240,0.000333,0.000360,0.000340,0.000304,0.000281,0.000250,0.000253,0.000250,0.000254,0.000222,0.000230,0.000188,0.000235,0.000218,0.000197,0.000192,0.000146,0.000200,0.000192,0.000195,0.000177,0.000147,0.000116,0.000113,0.000173,0.000092,0.000172,0.000143,0.000113,0.000131
13,0.000666,0.000685,0.000562,0.000657,0.000588,0.000585,0.000529,0.000448,0.000462,0.000505,0.000443,0.000395,0.000466,0.000468,0.000424,0.000469,0.000365,0.000395,0.000446,0.000423,0.000393,0.000478,0.000381,0.000491,0.000440,0.000397,0.000422,0.000385,0.000360,0.000299,0.000380,0.000343,0.000359,0.000365,0.000332,0.000263,0.000267,0.000386,0.000293,0.000279,0.000268,0.000250,0.000256,0.000240,0.000267,0.000239,0.000222,0.000226,0.000248,0.000274,0.000231,0.000150,0.000168,0.000196,0.000192,0.000231,0.000121,0.000212,0.000117,0.000148,0.000161
14,0.000843,0.000797,0.000728,0.000729,0.000688,0.000732,0.000562,0.000544,0.000523,0.000536,0.000489,0.000527,0.000615,0.000512,0.000562,0.000442,0.000448,0.000518,0.000584,0.000438,0.000477,0.000558,0.000443,0.000507,0.000503,0.000445,0.000481,0.000389,0.000513,0.000395,0.000379,0.000405,0.000462,0.000489,0.000412,0.000379,0.000447,0.000358,0.000374,0.000364,0.000367,0.000367,0.000306,0.000252,0.000348,0.000271,0.000275,0.000308,0.000279,0.000280,0.000274,0.000319,0.000268,0.000233,0.000240,0.000197,0.000231,0.000173,0.000190,0.000161,0.000242
15,0.000858,0.000885,0.000828,0.000729,0.000827,0.000838,0.000693,0.000661,0.000688,0.000772,0.000613,0.000675,0.000597,0.000641,0.000591,0.000600,0.000539,0.000639,0.000736,0.000568,0.000599,0.000657,0.000582,0.000675,0.000590,0.000681,0.000531,0.000558,0.000556,0.000539,0.000528,0.000551,0.000551,0.000613,0.000546,0.000525,0.000548,0.000545,0.000497,0.000408,0.000522,0.000447,0.000384,0.000409,0.000334,0.000331,0.000420,0.000388,0.000376,0.000370,0.000293,0.000405,0.000315,0.000349,0.000275,0.000284,0.000187,0.000283,0.000268,0.000218,0.000272
16,0.001006,0.001047,0.000937,0.000819,0.000944,0.000800,0.000784,0.000723,0.000821,0.000765,0.000813,0.000682,0.000730,0.000798,0.000754,0.000716,0.000604,0.000789,0.000875,0.000694,0.000729,0.000791,0.000629,0.000854,0.000695,0.000823,0.000713,0.000610,0.000712,0.000609,0.000691,0.000695,0.000669,0.000701,0.000818,0.000737,0.000635,0.000684,0.000589,0.000644,0.000675,0.000702,0.000496,0.000524,0.000509,0.000440,0.000389,0.000480,0.000498,0.000542,0.000541,0.000431,0.000516,0.000446,0.000463,0.000466,0.000348,0.000385,0.000314,0.000320,0.000348
17,0.001174,0.001389,0.001022,0.001115,0.001109,0.001165,0.000959,0.000901,0.000983,0.000967,0.000981,0.001007,0.000939,0.000980,0.000886,0.000931,0.000813,0.000945,0.001007,0.000942,0.000861,0.000962,0.000962,0.000957,0.001040,0.001029,0.000915,0.000844,0.000892,0.000789,0.000737,0.000980,0.001143,0.000921,0.001043,0.000891,0.001029,0.000803,0.000908,0.000913,0.000876,0.000786,0.000826,0.000675,0.000700,0.000631,0.000609,0.000638,0.000627,0.000666,0.000604,0.000670,0.000618,0.000570,0.000547,0.000568,0.000546,0.000422,0.000446,0.000365,0.000415
18,0.001458,0.001365,0.001366,0.001551,0.001294,0.001264,0.001141,0.001118,0.001310,0.001126,0.001259,0.001277,0.001273,0.001317,0.001343,0.001235,0.001157,0.001210,0.001149,0.001255,0.001233,0.001134,0.001273,0.001382,0.001205,0.001299,0.001115,0.001233,0.001260,0.001192,0.001162,0.001394,0.001368,0.001437,0.001272,0.001164,0.001264,0.001227,0.001009,0.001139,0.001102,0.001114,0.000949,0.000874,0.001077,0.000876,0.000790,0.000895,0.000860,0.000928,0.001017,0.001002,0.000800,0.000876,0.000948,0.000934,0.000737,0.000701,0.000659,0.000614,0.000659
19,0.001748,0.001886,0.001644,0.001547,0.001819,0.001799,0.001332,0.001319,0.001376,0.001463,0.001555,0.001476,0.001481,0.001590,0.001514,0.001592,0.001402,0.001494,0.001318,0.001532,0.001473,0.001312,0.001630,0.001550,0.001417,0.001433,0.001395,0.001292,0.001263,0.001413,0.001410,0.001519,0.001438,0.001493,0.001453,0.001296,0.001411,0.001387,0.001276,0.001425,0.001271,0.001300,0.001063,0.001013,0.001053,0.000903,0.000869,0.001002,0.000931,0.001060,0.001132,0.001026,0.000957,0.000888,0.000945,0.000966,0.000954,0.000918,0.000727,0.000828,0.000733
20,0.002092,0.001932,0.001664,0.001928,0.001675,0.001868,0.001495,0.001441,0.001490,0.001429,0.001548,0.001612,0.001488,0.001699,0.001704,0.001530,0.001401,0.001616,0.001478,0.001670,0.001684,0.001500,0.001765,0.001597,0.001447,0.001625,0.001414,0.001606,0.001426,0.001241,0.001119,0.001502,0.001583,0.001690,0.001513,0.001313,0.001394,0.001234,0.001193,0.001339,0.001293,0.001256,0.001161,0.001080,0.001097,0.001067,0.001062,0.000933,0.001062,0.001009,0.001156,0.001177,0.001049,0.001114,0.000973,0.000959,0.000980,0.000978,0.000773,0.000765,0.000874
21,0.002069,0.002068,0.001855,0.001863,0.001747,0.001567,0.001553,0.001693,0.001572,0.001493,0.001593,0.001490,0.001561,0.001896,0.001638,0.001715,0.001435,0.001669,0.001627,0.001783,0.001760,0.001665,0.001658,0.001552,0.001650,0.001454,0.001345,0.001442,0.001347,0.001285,0.001307,0.001641,0.001602,0.001697,0.001516,0.001303,0.001464,0.001310,0.001315,0.001342,0.001281,0.001391,0.001302,0.001173,0.001140,0.001063,0.001092,0.001084,0.001013,0.001064,0.001070,0.001090,0.001068,0.001157,0.000949,0.000914,0.000869,0.001003,0.000900,0.000824,0.000879
22,0.001977,0.001996,0.001764,0.001920,0.001905,0.001999,0.001581,0.001552,0.001718,0.001631,0.001679,0.001720,0.001596,0.001724,0.001787,0.001694,0.001491,0.001796,0.001757,0.001912,0.001782,0.001814,0.001742,0.001674,0.001643,0.001598,0.001491,0.001436,0.001540,0.001434,0.001253,0.001718,0.001715,0.001799,0.001576,0.001412,0.001485,0.001418,0.001406,0.001437,0.001442,0.001382,0.001194,0.001134,0.001099,0.001176,0.001180,0.001217,0.001191,0.001217,0.001118,0.001165,0.001063,0.000995,0.000980,0.001012,0.001026,0.000838,0.000921,0.000918,0.000930
23,0.001841,0.002040,0.001797,0.002006,0.002012,0.001866,0.001909,0.001637,0.001603,0.001938,0.001979,0.001723,0.001727,0.001851,0.001761,0.001739,0.001616,0.001861,0.001827,0.001988,0.001792,0.001909,0.001939,0.001758,0.001823,0.001781,0.001625,0.001460,0.001453,0.001485,0.001554,0.001547,0.001683,0.001697,0.001630,0.001298,0.001363,0.001421,0.001307,0.001383,0.001385,0.001262,0.001318,0.001181,0.001182,0.001201,0.001087,0.001143,0.001076,0.001070,0.001042,0.001151,0.001081,0.001099,0.001018,0.001017,0.001017,0.000916,0.000915,0.000848,0.000765
24,0.002124,0.002124,0.001921,0.002080,0.002145,0.001902,0.001819,0.001842,0.001709,0.001672,0.001997,0.001779,0.001711,0.001802,0.001828,0.001713,0.001634,0.001816,0.001872,0.001801,0.001872,0.001980,0.001939,0.001771,0.001766,0.001846,0.001629,0.001596,0.001557,0.001506,0.001232,0.001574,0.001867,0.001841,0.001671,0.001468,0.001463,0.001374,0.001415,0.001319,0.001397,0.001522,0.001183,0.001184,0.001293,0.001049,0.001091,0.001224,0.001098,0.001080,0.001009,0.001019,0.001091,0.000988,0.001021,0.001054,0.000943,0.000971,0.000917,0.000932,0.001002
25,0.002111,0.002197,0.001965,0.002367,0.002285,0.002118,0.001807,0.001764,0.001819,0.001791,0.001569,0.001871,0.001686,0.001820,0.001833,0.001768,0.001657,0.001898,0.001901,0.002051,0.001976,0.002029,0.002056,0.001698,0.001891,0.001808,0.001770,0.001570,0.001497,0.001453,0.001516,0.001831,0.001785,0.001772,0.001720,0.001530,0.001485,0.001465,0.001301,0.001508,0.001231,0.001235,0.001257,0.001312,0.001303,0.001175,0.001146,0.001184,0.001034,0.001078,0.001230,0.001104,0.001022,0.001184,0.001147,0.000975,0.000943,0.001013,0.000932,0.001033,0.001025
26,0.002100,0.002122,0.002010,0.002247,0.002056,0.001895,0.001958,0.001899,0.001879,0.001824,0.001635,0.001638,0.001951,0.001854,0.001730,0.001802,0.001736,0.001797,0.001943,0.001997,0.002047,0.002035,0.002105,0.001874,0.001806,0.001865,0.001816,0.001846,0.001555,0.001421,0.001508,0.001704,0.001833,0.001901,0.001781,0.001529,0.001389,0.001635,0.001286,0.001598,0.001351,0.001465,0.001395,0.001077,0.001215,0.001156,0.001187,0.001204,0.001093,0.001029,0.001139,0.001131,0.001039,0.001005,0.001159,0.001051,0.001017,0.001086,0.000957,0.000933,0.000965
27,0.002056,0.002118,0.001940,0.002219,0.002012,0.002171,0.001863,0.001833,0.001831,0.001813,0.002090,0.001749,0.001968,0.002081,0.001737,0.001895,0.001783,0.001930,0.001944,0.002063,0.002104,0.002048,0.002132,0.001818,0.001920,0.001986,0.001789,0.001742,0.001755,0.001629,0.001578,0.001851,0.001688,0.001855,0.001825,0.001685,0.001558,0.001762,0.001698,0.001635,0.001365,0.001557,0.001276,0.001190,0.001333,0.001220,0.001266,0.001186,0.001174,0.001235,0.001217,0.001128,0.001134,0.001060,0.001054,0.001034,0.001090,0.001005,0.001141,0.001109,0.001022
28,0.002135,0.002223,0.002002,0.002191,0.002125,0.002207,0.001932,0.001764,0.001890,0.002034,0.001899,0.001901,0.001928,0.001779,0.001840,0.001865,0.001775,0.001719,0.001921,0.002070,0.002066,0.002070,0.002182,0.002002,0.001908,0.001983,0.001951,0.001904,0.001875,0.001929,0.001845,0.001902,0.001879,0.002019,0.001866,0.001721,0.001843,0.001730,0.001460,0.001644,0.001678,0.001604,0.001473,0.001419,0.001371,0.001223,0.001228,0.001201,0.001198,0.001168,0.001149,0.001113,0.001162,0.001206,0.001141,0.001052,0.001026,0.001122,0.001000,0.001075,0.001092
29,0.002422,0.002324,0.002115,0.002367,0.002372,0.002149,0.001979,0.002001,0.001943,0.001860,0.002279,0.002008,0.001953,0.002217,0.001913,0.001938,0.002058,0.002017,0.001948,0.002114,0.002189,0.002120,0.002251,0.002075,0.002011,0.002102,0.002069,0.002009,0.001787,0.001878,0.001798,0.002052,0.002174,0.002075,0.001944,0.001761,0.001881,0.001699,0.001661,0.001758,0.001862,0.001865,0.001445,0.001492,0.001289,0.001270,0.001460,0.001350,0.001290,0.001361,0.001426,0.001172,0.001241,0.001184,0.001062,0.001128,0.001066,0.001098,0.001096,0.001183,0.001293
30,0.002458,0.002468,0.002150,0.002310,0.002336,0.002170,0.002139,0.002049,0.001938,0.002090,0.002010,0.002049,0.002157,0.002172,0.002196,0.002065,0.001951,0.002274,0.002159,0.002166,0.002483,0.002146,0.002272,0.002107,0.002284,0.002112,0.002276,0.002189,0.002079,0.001981,0.002112,0.002381,0.002407,0.002363,0.002321,0.001914,0.001979,0.001939,0.001907,0.001884,0.001632,0.001755,0.001752,0.001520,0.001525,0.001370,0.001392,0.001443,0.001444,0.001456,0.001386,0.001422,0.001173,0.001394,0.001256,0.001218,0.001304,0.001130,0.001134,0.001131,0.001188
31,0.002550,0.002457,0.002321,0.002490,0.002378,0.002349,0.002189,0.002085,0.002123,0.002052,0.001920,0.002267,0.002156,0.002401,0.002168,0.002187,0.002055,0.002239,0.002451,0.002344,0.002492,0.002195,0.002386,0.002141,0.002163,0.002441,0.002201,0.002227,0.002217,0.002285,0.002273,0.002373,0.002602,0.002446,0.002203,0.002164,0.002015,0.002164,0.001958,0.001982,0.001960,0.001866,0.001634,0.001667,0.001515,0.001476,0.001541,0.001457,0.001457,0.001419,0.001492,0.001475,0.001324,0.001313,0.001253,0.001200,0.001341,0.001233,0.001297,0.001302,0.001420
32,0.002486,0.002544,0.002414,0.002561,0.002691,0.002362,0.002261,0.002291,0.002121,0.002206,0.002274,0.002309,0.002073,0.002273,0.002182,0.002260,0.002273,0.002351,0.002515,0.002608,0.002648,0.002358,0.002678,0.002294,0.002218,0.002477,0.002488,0.002425,0.002315,0.002252,0.002491,0.002338,0.002574,0.002724,0.002587,0.002194,0.002452,0.002266,0.002033,0.002128,0.002008,0.001916,0.001919,0.001732,0.001853,0.001676,0.001646,0.001579,0.001437,0.001688,0.001659,0.001533,0.001483,0.001495,0.001352,0.001336,0.001307,0.001353,0.001380,0.001432,0.001422
33,0.002740,0.002571,0.002541,0.002496,0.002612,0.002524,0.002364,0.002344,0.002385,0.002522,0.002462,0.002412,0.002317,0.002302,0.002551,0.002495,0.002342,0.002413,0.002683,0.002935,0.002837,0.002818,0.002753,0.002341,0.002347,0.002451,0.002467,0.002668,0.002581,0.002486,0.002477,0.002605,0.002700,0.002775,0.002714,0.002486,0.002526,0.002521,0.002161,0.002232,0.002076,0.002273,0.001892,0.001915,0.001915,0.001798,0.001857,0.001836,0.001667,0.001906,0.001636,0.001636,0.001551,0.001514,0.001479,0.001544,0.001239,0.001371,0.001441,0.001382,0.001397
34,0.002829,0.002667,0.002673,0.002935,0.002716,0.002561,0.002498,0.002383,0.002359,0.002630,0.002393,0.002543,0.002410,0.002724,0.002453,0.002444,0.002532,0.002591,0.002870,0.002902,0.003179,0.003352,0.003112,0.002652,0.002449,0.002741,0.002848,0.002812,0.002811,0.002642,0.002512,0.002805,0.003194,0.003070,0.003057,0.002700,0.002786,0.002639,0.002572,0.002571,0.002417,0.002499,0.002161,0.001979,0.002035,0.002059,0.002013,0.001889,0.001797,0.001856,0.002079,0.001808,0.001789,0.001721,0.001680,0.001406,0.001488,0.001555,0.001550,0.001679,0.001634
35,0.002748,0.002864,0.002825,0.002785,0.003003,0.002763,0.002736,0.002477,0.002542,0.002642,0.002458,0.002613,0.002599,0.002903,0.002696,0.002952,0.002608,0.003022,0.003039,0.003032,0.002858,0.003447,0.003462,0.002659,0.002888,0.002621,0.002951,0.003105,0.002877,0.002958,0.002890,0.003126,0.003257,0.003421,0.003379,0.003025,0.003106,0.003091,0.002835,0.002724,0.002652,0.002675,0.002384,0.002158,0.001976,0.002247,0.002317,0.002154,0.002170,0.002051,0.002094,0.002144,0.001892,0.001926,0.001770,0.001652,0.001697,0.001653,0.001664,0.001691,0.001738
36,0.002755,0.002938,0.002816,0.002574,0.002924,0.002952,0.002520,0.003025,0.002838,0.002744,0.002883,0.002941,0.002921,0.003108,0.002805,0.002903,0.002855,0.002835,0.003264,0.003227,0.003416,0.003589,0.003641,0.002975,0.002833,0.002895,0.003053,0.003328,0.003183,0.003095,0.003132,0.003322,0.003434,0.003723,0.003614,0.003058,0.003229,0.003423,0.002852,0.002987,0.002965,0.002571,0.002710,0.002302,0.002413,0.002357,0.002327,0.002398,0.002429,0.002197,0.002171,0.001969,0.002001,0.002062,0.001836,0.001786,0.001808,0.001897,0.001784,0.001752,0.001728
37,0.002860,0.003108,0.002895,0.002716,0.003077,0.003206,0.002694,0.002842,0.003004,0.003147,0.003078,0.003001,0.003002,0.003188,0.003174,0.003090,0.002928,0.003177,0.003549,0.003434,0.003505,0.003690,0.003688,0.003368,0.003095,0.003357,0.003378,0.003377,0.003507,0.003501,0.003517,0.003678,0.003836,0.004044,0.003633,0.003580,0.003554,0.003617,0.003398,0.003304,0.003188,0.003268,0.002909,0.002822,0.002525,0.002559,0.002658,0.002683,0.002801,0.002434,0.002532,0.002393,0.002203,0.002364,0.002212,0.001987,0.001865,0.001954,0.002006,0.001944,0.001843
38,0.003378,0.003395,0.003113,0.003164,0.003381,0.003341,0.003163,0.003149,0.003258,0.003114,0.003068,0.003048,0.003147,0.003207,0.003310,0.003557,0.003071,0.003447,0.003808,0.004009,0.003913,0.003743,0.004152,0.003631,0.003902,0.003503,0.003882,0.003748,0.003614,0.003657,0.003548,0.003996,0.004205,0.004345,0.004158,0.003974,0.003819,0.003797,0.003629,0.003701,0.003701,0.003463,0.003261,0.002948,0.002794,0.002718,0.002845,0.002883,0.002727,0.002879,0.002795,0.002615,0.002509,0.002562,0.002444,0.002314,0.002177,0.002120,0.002134,0.001975,0.002198
39,0.003222,0.003702,0.002917,0.003382,0.003224,0.003170,0.003283,0.003311,0.003384,0.003623,0.003620,0.003660,0.003562,0.003744,0.003443,0.003358,0.003464,0.003870,0.004008,0.004419,0.004480,0.003951,0.004500,0.004018,0.003682,0.004060,0.004257,0.004317,0.004151,0.004124,0.004099,0.004530,0.004727,0.005174,0.004634,0.004231,0.004433,0.004580,0.003991,0.004269,0.004107,0.003947,0.003475,0.003410,0.003078,0.003105,0.003061,0.003172,0.003111,0.003404,0.003012,0.003113,0.002796,0.002622,0.002723,0.002466,0.002205,0.002236,0.002148,0.002261,0.002498
40,0.003584,0.003676,0.003906,0.003302,0.003412,0.003506,0.003470,0.003350,0.003810,0.003489,0.003754,0.003960,0.003804,0.004114,0.003589,0.003788,0.003846,0.003913,0.004219,0.004600,0.004710,0.004333,0.005101,0.004437,0.004253,0.004461,0.005010,0.004583,0.004489,0.004390,0.004413,0.004696,0.004950,0.005102,0.005515,0.004513,0.004608,0.004891,0.004460,0.004442,0.004307,0.004558,0.003796,0.003423,0.003477,0.003576,0.003267,0.003480,0.003664,0.003646,0.003462,0.003191,0.003046,0.003017,0.002985,0.002820,0.002534,0.002361,0.002384,0.002387,0.002705
41,0.003576,0.003822,0.003755,0.003864,0.003345,0.003854,0.003541,0.003690,0.003710,0.003982,0.004005,0.004229,0.004037,0.004261,0.004071,0.004136,0.003992,0.004546,0.004595,0.004726,0.005048,0.004786,0.005504,0.004818,0.004560,0.004813,0.004873,0.005390,0.004865,0.004889,0.004762,0.005086,0.005162,0.005792,0.005656,0.005280,0.005010,0.005497,0.005095,0.005102,0.004564,0.004790,0.004652,0.004228,0.003697,0.003958,0.003835,0.003917,0.003855,0.003867,0.003639,0.003802,0.003541,0.003558,0.003130,0.002896,0.002804,0.002794,0.002577,0.002797,0.002916
42,0.004216,0.004234,0.004059,0.003880,0.004284,0.004007,0.004035,0.003990,0.003746,0.004259,0.004409,0.004285,0.004399,0.004651,0.004364,0.004495,0.004167,0.004641,0.005065,0.005437,0.005678,0.005239,0.006169,0.005081,0.005056,0.004921,0.005708,0.005522,0.005280,0.005398,0.005400,0.005660,0.005828,0.006220,0.006027,0.005597,0.005723,0.005617,0.005175,0.005495,0.005305,0.005502,0.004803,0.004519,0.004352,0.003980,0.004094,0.004231,0.004216,0.004211,0.004043,0.004088,0.003809,0.003664,0.003416,0.003539,0.003218,0.003017,0.002870,0.002825,0.003300
43,0.004599,0.004264,0.004064,0.004149,0.004331,0.004726,0.003999,0.004293,0.004259,0.004550,0.004727,0.004699,0.004695,0.005033,0.004797,0.004922,0.004759,0.005328,0.005424,0.005886,0.006018,0.005771,0.006266,0.005643,0.005123,0.005912,0.006016,0.005981,0.005877,0.006096,0.005923,0.006462,0.006418,0.007092,0.006891,0.006383,0.006244,0.006547,0.005719,0.005919,0.005931,0.005571,0.005195,0.004983,0.004753,0.004555,0.004539,0.004413,0.004588,0.004586,0.004593,0.004047,0.003978,0.003965,0.004054,0.003656,0.003669,0.003361,0.003447,0.003305,0.003385
44,0.004833,0.005196,0.004628,0.004337,0.004796,0.004344,0.004891,0.004523,0.004647,0.004707,0.004801,0.005110,0.005228,0.005620,0.005218,0.005523,0.005266,0.005196,0.005776,0.006038,0.006152,0.006526,0.006957,0.005874,0.005945,0.006302,0.006619,0.006908,0.006938,0.006555,0.006890,0.006441,0.007049,0.007729,0.007282,0.006759,0.006575,0.006691,0.006564,0.006393,0.006306,0.006215,0.006000,0.005285,0.005544,0.005310,0.005313,0.005172,0.005021,0.005252,0.004977,0.004639,0.004689,0.004342,0.004038,0.004064,0.003917,0.003773,0.003684,0.003631,0.003557
45,0.004818,0.005323,0.005105,0.004731,0.005134,0.005211,0.004680,0.005001,0.004777,0.005122,0.005267,0.005556,0.005603,0.005728,0.005439,0.005655,0.005453,0.006290,0.006176,0.006652,0.007138,0.007362,0.007499,0.006589,0.006440,0.006780,0.007220,0.007525,0.007484,0.007273,0.006930,0.007833,0.007763,0.008385,0.008048,0.007076,0.007175,0.007563,0.007041,0.007239,0.006862,0.006815,0.006381,0.006221,0.005611,0.005620,0.005984,0.005899,0.005793,0.005926,0.005876,0.005255,0.005068,0.004827,0.004689,0.004294,0.004155,0.004055,0.004287,0.004169,0.004071
46,0.005731,0.005666,0.005527,0.005980,0.005583,0.005409,0.005000,0.005758,0.005538,0.005275,0.005986,0.006010,0.005924,0.006480,0.006084,0.006286,0.006071,0.006860,0.006795,0.007287,0.007919,0.007879,0.007967,0.006789,0.006916,0.007290,0.007644,0.007793,0.008150,0.008011,0.007638,0.008150,0.008706,0.009129,0.008671,0.007703,0.007971,0.008398,0.007567,0.007672,0.007771,0.007555,0.006956,0.006652,0.006546,0.006195,0.006410,0.006473,0.006671,0.006030,0.006164,0.005616,0.005125,0.005208,0.005169,0.004878,0.004526,0.004735,0.004444,0.004553,0.004530
47,0.006070,0.006303,0.005737,0.005524,0.006145,0.005688,0.005412,0.005743,0.005270,0.006458,0.005582,0.006147,0.006271,0.006566,0.006737,0.006881,0.006436,0.007385,0.007642,0.008287,0.008277,0.008238,0.008639,0.007786,0.007510,0.008123,0.008434,0.008631,0.008566,0.008914,0.008511,0.008774,0.009288,0.009968,0.009254,0.008520,0.008735,0.008806,0.007940,0.008457,0.008297,0.008435,0.007491,0.007201,0.007098,0.006898,0.007108,0.007227,0.007202,0.007188,0.006951,0.006571,0.006076,0.005854,0.005662,0.005315,0.004914,0.005327,0.005309,0.004922,0.005069
48,0.006736,0.006647,0.006238,0.006228,0.006482,0.006727,0.006034,0.006030,0.005923,0.006456,0.006843,0.006411,0.006675,0.007313,0.006897,0.007051,0.007275,0.007673,0.008649,0.008576,0.009301,0.008535,0.009806,0.007981,0.008296,0.008576,0.009054,0.009663,0.009459,0.009670,0.009398,0.009542,0.009984,0.010314,0.010657,0.008958,0.009345,0.009197,0.008889,0.009141,0.008697,0.009197,0.008181,0.007709,0.007517,0.007493,0.007730,0.007745,0.007932,0.007831,0.007603,0.007103,0.006734,0.006357,0.006372,0.005705,0.005328,0.005691,0.005581,0.005342,0.005292
49,0.007859,0.006841,0.007160,0.007255,0.006976,0.007205,0.006797,0.006754,0.006738,0.007200,0.006599,0.008043,0.007442,0.007767,0.007412,0.008196,0.008226,0.008928,0.009834,0.009762,0.009696,0.009052,0.010634,0.009269,0.008871,0.009808,0.010172,0.010604,0.010444,0.010447,0.010049,0.010620,0.010405,0.011402,0.010874,0.010721,0.009696,0.010424,0.010083,0.010015,0.009484,0.009592,0.009376,0.008999,0.008264,0.008226,0.008526,0.008696,0.008387,0.008813,0.008556,0.007549,0.007378,0.007158,0.006983,0.006639,0.006222,0.005976,0.006015,0.005956,0.006068
50,0.007866,0.008576,0.007961,0.007856,0.007978,0.007254,0.007930,0.007497,0.007749,0.007818,0.007494,0.007848,0.008984,0.008636,0.008330,0.008793,0.008627,0.009099,0.010374,0.010244,0.010570,0.009813,0.010959,0.009887,0.009899,0.009989,0.010798,0.011271,0.011623,0.011366,0.011539,0.011567,0.012140,0.013010,0.012370,0.011164,0.011453,0.011105,0.010659,0.010761,0.010182,0.010907,0.010287,0.009490,0.009327,0.008832,0.009438,0.009345,0.009388,0.009811,0.009118,0.008769,0.008383,0.008086,0.007990,0.007135,0.006887,0.007029,0.006704,0.006622,0.006683
51,0.009007,0.008980,0.008620,0.008585,0.008591,0.008411,0.008143,0.008187,0.008572,0.007995,0.008248,0.008847,0.008315,0.009580,0.008483,0.009492,0.009115,0.009781,0.010972,0.010952,0.011280,0.010863,0.012241,0.011544,0.011240,0.011027,0.011820,0.011998,0.012507,0.012622,0.011990,0.012609,0.012285,0.013875,0.013238,0.012135,0.012013,0.013039,0.011645,0.011974,0.011464,0.010998,0.010233,0.010080,0.010506,0.010116,0.009802,0.009880,0.010354,0.010321,0.010163,0.009345,0.009261,0.008856,0.008833,0.008271,0.007256,0.007401,0.007472,0.007354,0.006778
52,0.009994,0.010650,0.009422,0.009655,0.009298,0.009400,0.009588,0.009080,0.008800,0.010112,0.009121,0.009233,0.008942,0.009275,0.010465,0.009756,0.009936,0.011153,0.011571,0.011800,0.011914,0.012250,0.013139,0.012049,0.011775,0.012699,0.013617,0.013724,0.013061,0.013558,0.012852,0.013967,0.014201,0.014851,0.014188,0.013281,0.013028,0.012862,0.013299,0.012616,0.012486,0.012250,0.011411,0.011213,0.010524,0.010732,0.011169,0.010624,0.011103,0.010943,0.010847,0.010064,0.009746,0.009409,0.009460,0.008834,0.007973,0.008189,0.007884,0.008133,0.007875
53,0.010980,0.010911,0.010761,0.010375,0.010782,0.010165,0.009478,0.009866,0.009884,0.010174,0.010695,0.010410,0.010751,0.010432,0.009961,0.011426,0.010516,0.011449,0.011585,0.012491,0.012826,0.012999,0.014285,0.012930,0.013261,0.012944,0.014540,0.014264,0.014357,0.014282,0.014275,0.014793,0.014799,0.016395,0.015112,0.014793,0.013488,0.013934,0.014333,0.013758,0.013239,0.013910,0.012764,0.012265,0.012091,0.011557,0.011980,0.012229,0.011671,0.011770,0.011804,0.011249,0.010716,0.010501,0.010362,0.010068,0.009271,0.009222,0.008689,0.008330,0.008608
54,0.012131,0.011961,0.011855,0.011750,0.012062,0.011613,0.011016,0.010228,0.010537,0.011222,0.010996,0.012106,0.010993,0.012495,0.011126,0.011633,0.012577,0.012245,0.012056,0.013730,0.014179,0.014274,0.015196,0.014392,0.014265,0.014663,0.015126,0.016551,0.016072,0.015432,0.015307,0.015958,0.016683,0.017111,0.016570,0.015612,0.015574,0.015628,0.014731,0.014268,0.015254,0.014133,0.013893,0.013171,0.012748,0.012402,0.012915,0.013031,0.013331,0.012742,0.012283,0.012055,0.011850,0.011545,0.011239,0.010638,0.010252,0.010338,0.010138,0.009649,0.009648
55,0.012603,0.013323,0.012447,0.012548,0.013020,0.012680,0.012038,0.011993,0.011243,0.012456,0.012157,0.012987,0.013104,0.013298,0.011996,0.012402,0.011889,0.014478,0.012058,0.014841,0.014500,0.015943,0.016899,0.015468,0.015406,0.015444,0.016562,0.017512,0.016986,0.017237,0.016761,0.017120,0.017996,0.018267,0.017813,0.017501,0.016447,0.016536,0.016129,0.015781,0.015812,0.016663,0.013974,0.014628,0.013965,0.013216,0.014189,0.013897,0.014129,0.014342,0.013536,0.013010,0.013081,0.012689,0.012525,0.012046,0.011292,0.011085,0.010881,0.010736,0.010243
56,0.014998,0.015330,0.014236,0.014012,0.013958,0.014314,0.013733,0.013557,0.013276,0.013791,0.013712,0.014101,0.013831,0.015374,0.012563,0.012968,0.012907,0.013315,0.012469,0.015338,0.016407,0.016812,0.017426,0.016182,0.016699,0.016822,0.018087,0.018969,0.018757,0.018955,0.018275,0.017941,0.018964,0.020076,0.019440,0.017900,0.018249,0.018164,0.017439,0.016895,0.016473,0.016662,0.016331,0.014982,0.014966,0.014231,0.015106,0.014688,0.014939,0.015334,0.014946,0.014210,0.013881,0.013128,0.013215,0.012876,0.012176,0.012190,0.011931,0.011659,0.011774
57,0.015762,0.017303,0.015503,0.015684,0.015865,0.015433,0.014953,0.014945,0.014955,0.015006,0.015332,0.016095,0.014991,0.015482,0.015155,0.014716,0.015234,0.015633,0.015942,0.018399,0.016844,0.018359,0.018208,0.018117,0.017611,0.018649,0.018888,0.019765,0.020287,0.020061,0.020173,0.020234,0.020338,0.021899,0.020842,0.020012,0.019330,0.019462,0.019551,0.019037,0.018456,0.018076,0.016598,0.016699,0.015862,0.016407,0.015829,0.016136,0.016433,0.016040,0.016095,0.015648,0.014760,0.014790,0.014376,0.013835,0.012861,0.013387,0.012754,0.012858,0.012622
58,0.018463,0.018379,0.018138,0.017429,0.017261,0.016101,0.015992,0.016470,0.016006,0.016934,0.016781,0.017727,0.017564,0.016874,0.016122,0.017978,0.014900,0.016385,0.020531,0.017424,0.020722,0.018934,0.020213,0.019782,0.019422,0.019885,0.021238,0.021313,0.021236,0.022095,0.021719,0.022294,0.022359,0.022386,0.022796,0.021860,0.020413,0.021337,0.020401,0.019617,0.019848,0.019324,0.018124,0.017495,0.017787,0.017537,0.017173,0.017011,0.017272,0.017175,0.016252,0.017197,0.016316,0.015148,0.015599,0.015002,0.013978,0.013968,0.014060,0.013863,0.013911
59,0.019817,0.020834,0.018252,0.019423,0.019424,0.019167,0.018837,0.018211,0.018633,0.018869,0.018182,0.019042,0.018857,0.019303,0.017586,0.017895,0.019365,0.018066,0.022661,0.019390,0.019439,0.018714,0.021260,0.021055,0.020763,0.021680,0.022601,0.022771,0.023737,0.023089,0.023669,0.024433,0.024046,0.025710,0.023923,0.023321,0.022448,0.022478,0.022079,0.021820,0.021340,0.021057,0.019835,0.018747,0.017630,0.019465,0.018616,0.018796,0.018763,0.018290,0.018305,0.017824,0.017451,0.017319,0.016143,0.016350,0.015373,0.015870,0.015519,0.015304,0.015446
60,0.022728,0.023318,0.022078,0.020442,0.022176,0.020420,0.021604,0.020298,0.020015,0.021802,0.020873,0.022076,0.020569,0.021417,0.020151,0.020472,0.019611,0.022148,0.024403,0.022072,0.020810,0.021160,0.025462,0.022369,0.022112,0.023424,0.024480,0.025521,0.025911,0.024704,0.025228,0.026024,0.026965,0.027765,0.026366,0.025556,0.024794,0.024923,0.023851,0.023931,0.022599,0.023241,0.022224,0.020684,0.020350,0.020265,0.020897,0.020049,0.020831,0.019962,0.019592,0.019603,0.018576,0.018234,0.018541,0.017746,0.017158,0.016770,0.016738,0.016548,0.016568
61,0.024373,0.025702,0.022052,0.023865,0.022402,0.023201,0.022485,0.021526,0.021735,0.022165,0.022504,0.023286,0.023515,0.024273,0.022133,0.021736,0.021199,0.021857,0.023618,0.021986,0.023388,0.024450,0.025372,0.025646,0.023566,0.024876,0.025206,0.028056,0.027301,0.027867,0.028124,0.026877,0.028931,0.029403,0.027976,0.026968,0.025825,0.026775,0.025838,0.025503,0.025176,0.024831,0.023133,0.023077,0.021858,0.021941,0.020870,0.022299,0.021171,0.021800,0.020969,0.020697,0.019682,0.019288,0.020330,0.019621,0.017926,0.018634,0.018289,0.018112,0.017763
62,0.026746,0.028051,0.025229,0.025849,0.026996,0.024010,0.025817,0.024575,0.024623,0.025083,0.023993,0.027048,0.025551,0.026360,0.023703,0.023665,0.023991,0.023955,0.023590,0.025585,0.024291,0.025496,0.026025,0.025276,0.027794,0.027337,0.028080,0.028433,0.029620,0.029602,0.028880,0.029466,0.029634,0.032050,0.029978,0.029573,0.027483,0.027902,0.027907,0.027792,0.026840,0.027522,0.025013,0.023925,0.024159,0.023277,0.023810,0.022893,0.023090,0.022343,0.022834,0.022520,0.021292,0.020642,0.021127,0.020890,0.019636,0.019922,0.019294,0.019318,0.019113
63,0.028026,0.029645,0.028603,0.028274,0.028531,0.027486,0.027161,0.027751,0.027124,0.027092,0.026304,0.028278,0.028099,0.028509,0.026653,0.026031,0.026038,0.026533,0.025698,0.026637,0.028981,0.027591,0.027956,0.026691,0.027199,0.030762,0.028161,0.031488,0.031140,0.032417,0.030779,0.031809,0.031501,0.033010,0.032477,0.030952,0.030700,0.030124,0.029414,0.029016,0.028768,0.028771,0.027458,0.026337,0.025584,0.025323,0.024453,0.023999,0.023620,0.025501,0.023073,0.024488,0.022842,0.022552,0.022675,0.021568,0.020857,0.021913,0.020610,0.020991,0.021484
64,0.031304,0.031595,0.030877,0.031606,0.032635,0.030761,0.032609,0.029152,0.030080,0.029758,0.030267,0.030741,0.030787,0.033983,0.028104,0.029747,0.028927,0.029477,0.029199,0.030008,0.029642,0.028375,0.029269,0.030148,0.029400,0.030033,0.035284,0.033353,0.034454,0.034581,0.033922,0.034518,0.034754,0.035785,0.034544,0.033806,0.033163,0.032871,0.032337,0.031343,0.031644,0.031620,0.029972,0.028926,0.028241,0.026772,0.027304,0.026091,0.026289,0.025956,0.026218,0.025285,0.024642,0.024031,0.023929,0.024385,0.022486,0.023465,0.022838,0.022092,0.022871
65,0.032858,0.036025,0.033599,0.034076,0.035182,0.034985,0.034802,0.033489,0.031965,0.034697,0.033291,0.035736,0.032916,0.035741,0.032223,0.033350,0.032207,0.032604,0.032958,0.033017,0.032364,0.030753,0.036161,0.031707,0.033140,0.032439,0.033207,0.038831,0.036507,0.037210,0.036336,0.036457,0.037748,0.039767,0.037326,0.036951,0.035493,0.035866,0.034791,0.034341,0.033326,0.034752,0.032559,0.030921,0.029701,0.029626,0.029373,0.029622,0.028925,0.028235,0.027229,0.028616,0.026733,0.026407,0.026229,0.025760,0.024333,0.024950,0.024247,0.024415,0.025099
66,0.036036,0.038472,0.037706,0.035549,0.038578,0.036176,0.039029,0.036430,0.036671,0.036144,0.037989,0.037764,0.036876,0.039904,0.034460,0.036415,0.034943,0.036471,0.036071,0.036479,0.037769,0.035044,0.037711,0.036812,0.033887,0.035536,0.036859,0.036533,0.041854,0.039695,0.039066,0.040281,0.039636,0.040906,0.039203,0.040753,0.037863,0.038006,0.037580,0.037705,0.035738,0.036848,0.034318,0.032641,0.031811,0.032129,0.030799,0.030971,0.030995,0.029345,0.030348,0.028558,0.029450,0.027993,0.028390,0.027876,0.027113,0.026936,0.027256,0.026150,0.027697
67,0.041644,0.043528,0.037510,0.041236,0.041246,0.039712,0.040524,0.041165,0.038559,0.041184,0.039141,0.041627,0.041387,0.044199,0.038227,0.038484,0.039440,0.038563,0.040582,0.039418,0.039902,0.040173,0.041894,0.038228,0.040686,0.036964,0.038855,0.041974,0.040587,0.045399,0.040120,0.042019,0.043658,0.045094,0.043268,0.043016,0.041629,0.040505,0.040764,0.039735,0.039371,0.038718,0.036699,0.036967,0.034989,0.034741,0.033913,0.033733,0.032949,0.033065,0.031146,0.030794,0.030188,0.030313,0.029508,0.029307,0.028320,0.028734,0.028688,0.028277,0.029050
68,0.044578,0.049177,0.045641,0.042024,0.046342,0.042750,0.045325,0.043236,0.043245,0.045323,0.044403,0.044026,0.045569,0.048249,0.043315,0.043360,0.041248,0.043962,0.044181,0.043770,0.044145,0.044499,0.046659,0.041412,0.041942,0.044577,0.042821,0.045886,0.044639,0.044373,0.047890,0.043396,0.047209,0.047043,0.046963,0.045011,0.044693,0.043150,0.042971,0.042671,0.042796,0.042362,0.040417,0.038129,0.037171,0.037501,0.036620,0.035667,0.035480,0.035433,0.033559,0.033309,0.031853,0.031111,0.032638,0.031026,0.030039,0.031230,0.029577,0.029838,0.030774
69,0.047892,0.051755,0.048095,0.049862,0.049455,0.049754,0.047873,0.048138,0.048372,0.048796,0.048702,0.052435,0.048081,0.054699,0.046749,0.048717,0.045759,0.046831,0.048013,0.048597,0.049946,0.047570,0.050220,0.048513,0.046371,0.045300,0.048782,0.048296,0.049328,0.046002,0.045082,0.052308,0.048243,0.050293,0.051547,0.050391,0.048455,0.047990,0.046290,0.046474,0.045315,0.046402,0.042658,0.042667,0.040244,0.040149,0.038756,0.038207,0.036417,0.036472,0.036734,0.036994,0.034564,0.033563,0.032001,0.034492,0.029787,0.032687,0.031856,0.032046,0.032243
70,0.051211,0.055466,0.050535,0.051517,0.055759,0.047957,0.054364,0.052796,0.050447,0.054138,0.052466,0.055977,0.055665,0.059412,0.051698,0.053175,0.050681,0.051069,0.053523,0.053924,0.054851,0.052503,0.054583,0.051399,0.050723,0.050537,0.050411,0.055133,0.052921,0.055080,0.051072,0.050997,0.056993,0.053440,0.054468,0.053849,0.052735,0.051404,0.051567,0.051345,0.049518,0.049184,0.046993,0.045032,0.043040,0.043120,0.043475,0.041930,0.040414,0.040896,0.038774,0.039143,0.037605,0.035447,0.036367,0.034667,0.035625,0.034786,0.034106,0.034276,0.034496
71,0.058717,0.061985,0.052500,0.056874,0.058399,0.057587,0.056601,0.058849,0.056145,0.059307,0.057757,0.062332,0.061678,0.066792,0.054137,0.058468,0.055591,0.057989,0.058362,0.058067,0.062372,0.056569,0.061067,0.055796,0.053544,0.056556,0.055538,0.058771,0.061033,0.056813,0.057970,0.053621,0.054977,0.063051,0.055638,0.058664,0.056110,0.055564,0.055117,0.053143,0.052496,0.052295,0.051270,0.048744,0.047271,0.046329,0.044540,0.044479,0.043412,0.043574,0.042194,0.041709,0.040594,0.038929,0.037805,0.036963,0.036328,0.038730,0.035433,0.036908,0.037482
72,0.065099,0.068290,0.061847,0.060321,0.064511,0.059106,0.064197,0.058691,0.061283,0.062955,0.062392,0.066775,0.066655,0.070894,0.063672,0.061931,0.062528,0.061568,0.063147,0.063434,0.065659,0.061683,0.067509,0.060916,0.061154,0.061518,0.063073,0.063643,0.061086,0.065489,0.061804,0.061762,0.059847,0.060701,0.066663,0.059700,0.060527,0.059945,0.059681,0.056327,0.059159,0.057816,0.056653,0.054312,0.051797,0.051729,0.048944,0.047684,0.047960,0.047962,0.045638,0.044876,0.044092,0.041473,0.041681,0.041207,0.038637,0.038729,0.040369,0.039034,0.039959
73,0.067299,0.074090,0.067341,0.067419,0.068558,0.067221,0.069078,0.069110,0.061680,0.072599,0.066715,0.074313,0.073148,0.079146,0.064960,0.070621,0.065712,0.070160,0.067846,0.069349,0.072196,0.069157,0.075214,0.066496,0.067082,0.066465,0.066343,0.071008,0.068534,0.066849,0.070129,0.064328,0.068269,0.068668,0.064131,0.071361,0.062953,0.066115,0.065439,0.062592,0.060255,0.062391,0.059226,0.056659,0.056789,0.055763,0.053465,0.051957,0.050715,0.050959,0.048969,0.048847,0.047091,0.044895,0.045366,0.044250,0.041601,0.043249,0.041298,0.042769,0.041042
74,0.076089,0.076225,0.073527,0.073961,0.077054,0.067925,0.076167,0.074399,0.073233,0.074214,0.074667,0.077805,0.077793,0.086378,0.073864,0.077990,0.075075,0.075171,0.074517,0.075747,0.078115,0.076158,0.076858,0.076962,0.073088,0.073931,0.074951,0.077545,0.075781,0.074069,0.071683,0.075062,0.070263,0.074739,0.069682,0.069428,0.076905,0.068280,0.070392,0.069087,0.065497,0.067117,0.065037,0.061339,0.062007,0.059395,0.059116,0.056380,0.053464,0.054676,0.052787,0.052675,0.051046,0.049657,0.048254,0.048517,0.046964,0.046554,0.044443,0.042717,0.047120
75,0.080144,0.090061,0.078684,0.081352,0.086253,0.079314,0.078672,0.079405,0.080524,0.082425,0.076003,0.089261,0.084610,0.095634,0.080530,0.083289,0.080915,0.086991,0.081180,0.085794,0.084538,0.083355,0.085105,0.078830,0.080087,0.079486,0.083568,0.085180,0.083890,0.084016,0.078955,0.078234,0.084625,0.077879,0.078492,0.076910,0.076313,0.082820,0.072526,0.074268,0.072603,0.071458,0.070033,0.068471,0.066022,0.064891,0.063053,0.061717,0.061344,0.059880,0.057567,0.057303,0.054883,0.052657,0.053203,0.052710,0.048924,0.050857,0.048531,0.049342,0.048186
76,0.093531,0.096096,0.087495,0.088629,0.092413,0.090924,0.088818,0.083856,0.084067,0.092963,0.087440,0.089811,0.097105,0.100950,0.087251,0.091625,0.088118,0.091936,0.091196,0.087476,0.094509,0.089989,0.096963,0.086375,0.085552,0.093063,0.090906,0.093911,0.090742,0.089600,0.086780,0.085360,0.087419,0.092285,0.081546,0.083594,0.080793,0.081236,0.091035,0.076510,0.079030,0.079537,0.075924,0.073600,0.070717,0.071837,0.067173,0.067271,0.066979,0.064065,0.063211,0.060947,0.060215,0.057790,0.058350,0.055740,0.054382,0.054249,0.053390,0.051623,0.055189
77,0.091106,0.108894,0.092699,0.101108,0.097888,0.094984,0.100688,0.090379,0.090580,0.098304,0.096788,0.101617,0.096761,0.117618,0.095044,0.100310,0.097320,0.100331,0.104350,0.099528,0.100184,0.098921,0.106309,0.096992,0.094582,0.096782,0.097526,0.100652,0.097908,0.099998,0.093993,0.096835,0.094465,0.098074,0.095161,0.090739,0.089637,0.087517,0.088701,0.096546,0.081952,0.086234,0.080084,0.080500,0.076531,0.077193,0.072501,0.072259,0.071280,0.070496,0.068773,0.068092,0.065954,0.063134,0.062515,0.062846,0.059062,0.059488,0.059001,0.058161,0.058165
78,0.110732,0.124000,0.109182,0.106024,0.115349,0.100429,0.107162,0.104568,0.102317,0.097356,0.100106,0.107636,0.110897,0.113034,0.107298,0.106481,0.104291,0.110861,0.110377,0.108385,0.115860,0.106457,0.116674,0.100536,0.105612,0.106681,0.105480,0.117126,0.108309,0.107077,0.104002,0.102582,0.104499,0.105374,0.101318,0.106199,0.094547,0.099142,0.097073,0.093145,0.101007,0.091218,0.090997,0.089936,0.086676,0.084607,0.082132,0.078718,0.075591,0.076191,0.075082,0.074664,0.070791,0.068012,0.067851,0.066679,0.063806,0.065064,0.060171,0.062997,0.062975
79,0.122574,0.113952,0.110772,0.119411,0.123409,0.110989,0.117089,0.115852,0.113739,0.113289,0.102858,0.113992,0.122784,0.133487,0.106773,0.122871,0.114314,0.123508,0.119805,0.122001,0.119788,0.118738,0.123138,0.117645,0.110913,0.116402,0.114077,0.121398,0.119891,0.117138,0.115568,0.112680,0.111920,0.116196,0.109585,0.110934,0.112438,0.102388,0.108413,0.101857,0.101242,0.113353,0.099816,0.097946,0.094184,0.095576,0.087611,0.088932,0.082662,0.081707,0.080539,0.080777,0.078842,0.074920,0.074381,0.073724,0.069880,0.070443,0.068077,0.069459,0.069280
80,0.130599,0.138850,0.127856,0.122636,0.136506,0.132694,0.134974,0.122315,0.122016,0.130704,0.127691,0.128162,0.127914,0.138496,0.120068,0.118901,0.126575,0.124933,0.126028,0.129705,0.133042,0.128968,0.138609,0.124777,0.126423,0.128605,0.130774,0.137199,0.130737,0.133151,0.124300,0.122393,0.124635,0.125741,0.124571,0.124313,0.118200,0.123217,0.109849,0.115371,0.107799,0.106499,0.112588,0.098297,0.100114,0.100537,0.096065,0.093551,0.092488,0.089654,0.089660,0.088098,0.084919,0.082132,0.081793,0.078086,0.077161,0.077834,0.076128,0.074673,0.075709
81,0.134353,0.154509,0.132423,0.139407,0.143365,0.137683,0.137910,0.131577,0.128131,0.144310,0.134175,0.142354,0.135434,0.150900,0.128930,0.137393,0.125027,0.143021,0.134963,0.137328,0.141785,0.137585,0.144080,0.136156,0.134321,0.136922,0.141679,0.151511,0.144345,0.139187,0.139718,0.134845,0.138087,0.139222,0.131825,0.133827,0.130097,0.122367,0.136103,0.117506,0.114928,0.116211,0.106957,0.118133,0.106491,0.105955,0.106201,0.102975,0.100480,0.101900,0.095235,0.097762,0.092069,0.091670,0.088825,0.088843,0.082373,0.086371,0.082461,0.083491,0.082800
82,0.156063,0.158917,0.149807,0.149061,0.170415,0.144988,0.152266,0.158268,0.144165,0.155090,0.137722,0.152497,0.148763,0.158979,0.138604,0.148185,0.137503,0.146048,0.146234,0.149184,0.157836,0.146832,0.160404,0.143170,0.146720,0.147611,0.155766,0.160362,0.155604,0.152378,0.144221,0.150289,0.144869,0.153004,0.143874,0.147811,0.143695,0.139814,0.138739,0.139412,0.125176,0.133334,0.118831,0.115026,0.127486,0.116486,0.116117,0.112278,0.110453,0.107039,0.109965,0.106649,0.099057,0.097075,0.100217,0.098471,0.092850,0.093152,0.087572,0.091536,0.090622
83,0.168760,0.184636,0.170896,0.158126,0.178274,0.165236,0.155352,0.159056,0.155865,0.169478,0.151779,0.172935,0.157311,0.180130,0.154121,0.156659,0.156931,0.153336,0.162470,0.161626,0.164652,0.159353,0.175911,0.152393,0.156464,0.160968,0.167743,0.180481,0.168821,0.166985,0.157238,0.160441,0.169723,0.165058,0.157787,0.158255,0.151490,0.154422,0.148687,0.147402,0.144099,0.135463,0.140633,0.131584,0.121651,0.138924,0.124943,0.127776,0.118856,0.120025,0.116976,0.118538,0.112670,0.105991,0.108113,0.106837,0.100072,0.101947,0.097496,0.101012,0.100010
84,0.178831,0.194779,0.178322,0.172223,0.191293,0.173759,0.183707,0.166279,0.174549,0.175407,0.174713,0.186478,0.186849,0.187823,0.171090,0.175733,0.165214,0.171992,0.179654,0.167676,0.179520,0.173952,0.193641,0.170576,0.176720,0.169765,0.177951,0.190177,0.183698,0.182448,0.176214,0.178407,0.175614,0.180295,0.175018,0.173857,0.170232,0.165542,0.166046,0.158616,0.152148,0.161115,0.142475,0.140226,0.139071,0.139434,0.145154,0.129891,0.133993,0.132731,0.130353,0.131265,0.121174,0.117553,0.113571,0.112217,0.111892,0.117136,0.108762,0.111937,0.111451
85,0.198095,0.235537,0.186643,0.198480,0.209447,0.183164,0.194231,0.194842,0.172515,0.202547,0.189586,0.189731,0.190068,0.207242,0.188696,0.189006,0.179304,0.185619,0.196198,0.186413,0.192215,0.199837,0.193597,0.191157,0.175946,0.186711,0.194049,0.201910,0.200271,0.197533,0.188171,0.191196,0.190550,0.196695,0.195006,0.190534,0.178601,0.174596,0.179919,0.170597,0.165967,0.167088,0.166637,0.147754,0.151405,0.159290,0.146112,0.158167,0.144314,0.143075,0.145269,0.141984,0.134757,0.130289,0.126748,0.126203,0.119668,0.123757,0.116267,0.121880,0.119607
86,0.205889,0.225117,0.212210,0.197353,0.235255,0.199349,0.219893,0.203327,0.196359,0.201274,0.189595,0.218150,0.206339,0.208096,0.210700,0.195745,0.212950,0.206932,0.208107,0.193810,0.207840,0.212412,0.216182,0.200167,0.198400,0.203264,0.205928,0.231239,0.219277,0.208578,0.206915,0.202772,0.202132,0.213076,0.194717,0.201382,0.198194,0.193730,0.199226,0.188517,0.182576,0.192646,0.171203,0.182679,0.166301,0.174087,0.159946,0.150517,0.168346,0.153503,0.160822,0.157447,0.148043,0.141655,0.145945,0.140861,0.132823,0.136614,0.129628,0.134138,0.135965
87,0.239929,0.243656,0.217330,0.227665,0.242229,0.226241,0.233137,0.234154,0.218270,0.232852,0.203451,0.226926,0.234486,0.229658,0.230191,0.222592,0.210114,0.236779,0.222251,0.223792,0.219164,0.225515,0.227358,0.219050,0.203976,0.224557,0.233695,0.233761,0.229345,0.229563,0.214328,0.227675,0.219194,0.225438,0.214650,0.230092,0.225584,0.207534,0.220073,0.207337,0.196322,0.208759,0.188999,0.188328,0.192098,0.182154,0.175869,0.175216,0.157640,0.190539,0.168857,0.182851,0.167055,0.163416,0.162027,0.157117,0.147052,0.149204,0.144553,0.154271,0.148133
88,0.238920,0.277201,0.228963,0.221694,0.277002,0.229920,0.238202,0.232861,0.237974,0.246281,0.227754,0.250993,0.252951,0.252344,0.228185,0.231173,0.247337,0.254913,0.241216,0.233489,0.250178,0.237035,0.248337,0.218957,0.227160,0.238745,0.246706,0.261925,0.258018,0.245840,0.245301,0.235529,0.241879,0.235935,0.236486,0.246836,0.226841,0.232970,0.224248,0.222790,0.214052,0.218076,0.212973,0.207873,0.202353,0.213186,0.181330,0.199897,0.182623,0.180808,0.198011,0.188691,0.183289,0.182623,0.173429,0.171373,0.161695,0.170126,0.155791,0.163787,0.166354
89,0.282206,0.308497,0.255250,0.261780,0.266822,0.250215,0.287010,0.247364,0.247693,0.261750,0.260888,0.264823,0.271126,0.276843,0.259977,0.262024,0.229076,0.268293,0.261564,0.253499,0.262748,0.244714,0.272782,0.240044,0.231641,0.260459,0.277413,0.285964,0.264612,0.278600,0.253975,0.255496,0.257151,0.269065,0.263040,0.268044,0.259714,0.255359,0.240848,0.235680,0.230850,0.246612,0.227741,0.225520,0.220856,0.222057,0.223514,0.213699,0.204390,0.205198,0.185854,0.221302,0.193194,0.189990,0.198231,0.189640,0.177110,0.186382,0.176310,0.177519,0.176963
90,0.256917,0.309266,0.259664,0.247916,0.304364,0.269555,0.276286,0.294324,0.266228,0.277284,0.295010,0.276206,0.325421,0.300619,0.259800,0.288807,0.277408,0.277469,0.278241,0.274648,0.284357,0.253287,0.283965,0.270599,0.245179,0.254369,0.271678,0.296386,0.292295,0.284614,0.279051,0.273578,0.277605,0.291839,0.283573,0.280930,0.280665,0.273072,0.270178,0.261946,0.269394,0.243258,0.241597,0.240385,0.247726,0.238123,0.239824,0.233256,0.215624,0.217535,0.226085,0.209874,0.229984,0.205270,0.229379,0.209864,0.194600,0.200742,0.184921,0.189630,0.190510
91,0.317514,0.351565,0.317663,0.284222,0.301461,0.276510,0.255965,0.312490,0.292056,0.316171,0.286177,0.321419,0.318971,0.310150,0.246629,0.312995,0.292742,0.294757,0.292353,0.301886,0.305632,0.264631,0.281723,0.272692,0.274967,0.270231,0.311445,0.333130,0.302783,0.308130,0.285614,0.303357,0.284136,0.317349,0.293838,0.311176,0.296860,0.302349,0.299653,0.275407,0.269214,0.270244,0.256652,0.246599,0.256466,0.269443,0.247281,0.260005,0.253812,0.242797,0.257200,0.233306,0.232995,0.241415,0.224902,0.242099,0.212831,0.225394,0.213802,0.217118,0.205588
92,0.337180,0.376175,0.306695,0.347013,0.331646,0.315870,0.296702,0.285349,0.303918,0.339671,0.308391,0.324912,0.294681,0.305941,0.312000,0.318784,0.327398,0.296020,0.314333,0.301749,0.306755,0.276314,0.334147,0.284110,0.264126,0.304826,0.312695,0.325769,0.314223,0.314103,0.311463,0.319212,0.310243,0.345010,0.325294,0.313224,0.337244,0.318836,0.345079,0.301768,0.282690,0.286781,0.286572,0.284302,0.271294,0.281345,0.277304,0.275347,0.259874,0.278823,0.254494,0.275709,0.284542,0.236672,0.261895,0.250161,0.239512,0.242372,0.239386,0.223115,0.239607
93,0.370070,0.369883,0.330950,0.318844,0.381866,0.294195,0.310103,0.308644,0.308237,0.350233,0.318572,0.334722,0.319425,0.344046,0.354606,0.364520,0.299654,0.328142,0.350728,0.349478,0.360213,0.277873,0.345620,0.302513,0.285694,0.306463,0.337517,0.349578,0.349818,0.349193,0.331651,0.348014,0.342083,0.351429,0.320462,0.339826,0.343114,0.358769,0.343614,0.322708,0.322733,0.321822,0.301600,0.319415,0.293375,0.313049,0.307878,0.304163,0.292375,0.281985,0.304563,0.309911,0.293532,0.265538,0.254605,0.305888,0.263576,0.284713,0.261838,0.267129,0.258197
94,0.368916,0.374842,0.363507,0.465086,0.391000,0.377525,0.427808,0.380537,0.292332,0.379290,0.365675,0.365207,0.341525,0.346657,0.408600,0.384735,0.313957,0.383552,0.372789,0.357475,0.339173,0.273729,0.400516,0.308477,0.284703,0.315890,0.345094,0.338697,0.364749,0.366289,0.338675,0.330904,0.417144,0.365066,0.379061,0.346102,0.384845,0.349912,0.405110,0.358782,0.344725,0.338218,0.307575,0.336452,0.313962,0.337448,0.320827,0.298631,0.316204,0.317640,0.314135,0.357446,0.299493,0.296221,0.314054,0.276428,0.319110,0.303689,0.266601,0.300645,0.291124
95,0.389569,0.328839,0.327623,0.405253,0.478287,0.410203,0.396659,0.321734,0.259511,0.402041,0.371315,0.359684,0.363911,0.427241,0.368063,0.319744,0.321326,0.376644,0.379652,0.384751,0.407075,0.278300,0.381775,0.387355,0.289622,0.351261,0.372055,0.367544,0.379450,0.361558,0.346346,0.358737,0.314981,0.365142,0.390857,0.425947,0.395838,0.402528,0.354132,0.402974,0.348952,0.364268,0.367826,0.368066,0.330544,0.350928,0.351180,0.330405,0.337086,0.341252,0.355757,0.357280,0.363273,0.333935,0.341977,0.320485,0.281665,0.351057,0.306459,0.312554,0.306554
96,0.451989,0.463286,0.491391,0.318676,0.480436,0.411859,0.447746,0.382178,0.370822,0.412383,0.446549,0.392342,0.319882,0.429099,0.356126,0.433196,0.426657,0.350053,0.421508,0.396879,0.398747,0.299920,0.395366,0.315149,0.439610,0.313044,0.431589,0.408325,0.388624,0.368156,0.363733,0.385728,0.347886,0.360205,0.432808,0.408048,0.408438,0.374788,0.412938,0.348485,0.399288,0.359922,0.384106,0.394092,0.336159,0.366267,0.368421,0.364620,0.359442,0.358452,0.382124,0.367068,0.367995,0.375074,0.351507,0.386905,0.333075,0.332684,0.367510,0.331595,0.341184
97,0.239669,0.271887,0.503265,0.380656,0.518419,0.419943,0.374513,0.425872,0.349102,0.320226,0.242411,0.303972,0.413245,0.388955,0.320930,0.380836,0.315079,0.355661,0.466489,0.396483,0.491340,0.303045,0.301754,0.436580,0.358802,0.332821,0.445333,0.375381,0.410770,0.382536,0.317787,0.408667,0.446426,0.361469,0.359093,0.533935,0.489785,0.408170,0.537814,0.415596,0.424607,0.402077,0.375119,0.393501,0.404870,0.418401,0.374225,0.408636,0.389188,0.341976,0.385420,0.445140,0.374195,0.351343,0.480704,0.361071,0.396725,0.378596,0.325438,0.394215,0.347424
98,0.468952,0.332057,0.441000,0.208696,0.238521,0.405934,0.260292,0.343826,0.386486,0.364337,0.271054,0.474041,0.207469,0.354262,0.267723,0.346456,0.383994,0.371106,0.446819,0.408090,0.503516,0.278564,0.439403,0.412408,0.362604,0.470690,0.316865,0.377037,0.391586,0.324592,0.294626,0.304146,0.328515,0.389864,0.372980,0.307208,0.280524,0.344111,0.461703,0.456104,0.383653,0.419789,0.423387,0.402180,0.424735,0.396224,0.424126,0.419783,0.353874,0.414256,0.398372,0.375444,0.381456,0.433224,0.392767,0.397726,0.444015,0.456260,0.353404,0.365532,0.403884
99,0.901249,0.745609,0.698767,0.538993,1.098967,0.560532,0.598042,0.383436,0.287891,0.447427,0.481774,0.476985,0.327085,0.502076,0.452477,0.467484,0.409163,0.340228,0.416914,0.382966,0.296736,0.279308,0.288233,0.343600,0.382065,0.343180,0.252750,0.381061,0.356914,0.331251,0.310888,0.413162,0.364137,0.406125,0.315071,0.394230,0.398767,0.401463,0.571206,0.554179,0.363573,0.455093,0.342950,0.487866,0.364816,0.448923,0.456618,0.410520,0.384125,0.437659,0.481073,0.459523,0.467710,0.469692,0.427989,0.411752,0.444190,0.361957,0.378118,0.393398,0.370634
100,0.989877,0.440502,0.349486,0.432740,0.457033,0.576055,0.601496,0.364644,0.450808,0.569381,0.196183,0.353513,0.498934,0.594168,0.409816,0.396805,0.439532,0.551083,0.430689,0.465027,0.722427,0.283033,0.436525,0.466661,0.461047,0.348775,0.494765,0.465366,0.406653,0.458697,0.361883,0.435152,0.464226,0.533149,0.564646,0.620413,1.560584,0.325426,0.451524,0.366690,0.437501,0.526743,0.375940,0.371014,0.386321,0.383232,0.378090,0.383834,0.331481,0.466704,0.292472,0.416873,0.388031,0.428825,0.482265,0.435655,0.452581,0.449332,0.364960,0.468510,0.373593
101,1.422222,0.580278,0.380874,0.458911,0.515636,0.637665,0.697674,0.375638,0.466804,0.616409,0.185374,0.359433,0.522685,0.662793,0.417238,0.402766,0.467983,0.592906,0.453867,0.482713,0.805216,0.268884,0.445984,0.497130,0.500397,0.360559,0.526077,0.484592,0.414214,0.477793,0.361496,0.458747,0.502979,0.508038,0.586337,0.605533,0.157475,0.334096,0.415139,0.440750,0.496912,0.563341,0.559334,0.402368,0.338756,0.456155,0.427587,0.455639,0.374994,0.505402,0.541013,0.461850,0.460293,0.441876,0.499899,0.491701,0.439184,0.543063,0.485534,0.424945,0.397235
102,2.086505,1.485893,0.601367,0.515171,0.582183,0.777285,0.809899,0.425316,0.508772,0.659009,0.183086,0.374884,0.545022,0.740619,0.438443,0.403659,0.486141,0.652321,0.482839,0.500732,0.900209,0.260408,0.459029,0.531899,0.547991,0.373923,0.558568,0.520159,0.421046,0.491483,0.364528,0.469757,0.536437,0.555256,0.511885,0.620345,0.161057,0.491782,0.439842,0.447628,0.498073,0.381967,0.398623,0.468103,0.464070,0.329048,0.532247,0.504779,0.407851,0.364069,0.444057,0.410213,0.486398,0.420086,0.569156,0.422712,0.394760,0.392913,0.480895,0.529408,0.506339
103,2.535849,.,0.000000,1.006623,0.708383,1.033914,1.213873,0.493421,0.639309,0.782347,0.173817,0.410015,0.597292,0.834447,0.483597,0.424947,0.494555,0.694394,0.522709,0.541231,1.021195,0.270942,0.475848,0.578635,0.608754,0.389907,0.601130,0.561860,0.450264,0.505889,0.359465,0.489028,0.545272,0.591313,0.564879,0.468150,0.161421,0.457073,0.871493,0.096572,0.208247,0.506329,0.283934,0.607236,0.170406,0.327641,0.294354,0.357551,0.259416,0.609989,0.587731,0.440929,0.520743,0.301479,0.428332,0.469625,0.437451,0.566804,0.436034,0.552109,0.464871
104,6.000000,.,.,.,1.375000,1.630872,3.000000,0.545455,0.873662,1.324955,0.000000,0.423393,0.712175,1.050328,0.529134,0.482537,0.551463,0.704929,0.544444,0.619117,1.274336,0.290576,0.513004,0.643112,0.704786,0.420784,0.661754,0.622510,0.487718,0.566699,0.354223,0.494226,0.570164,0.580162,0.595209,0.527859,0.177497,0.359238,0.498132,0.150357,0.395257,0.374766,0.278422,0.462784,0.503004,0.621026,0.547599,0.533443,0.433620,0.359616,0.485044,0.577735,0.607244,0.557225,0.584877,0.385003,0.448983,0.689380,0.705577,0.505237,0.371348
105,.,.,.,.,.,.,6.000000,.,1.348315,4.275000,0.000000,0.500515,0.771355,1.711765,0.758523,0.544474,0.704433,0.877847,0.553724,0.649421,1.938559,0.221709,0.577627,0.773252,0.860853,0.487327,0.766734,0.726585,0.554855,0.656728,0.398987,0.499768,0.568794,0.598091,0.542636,0.552459,0.257124,0.314095,0.465044,0.716133,0.105615,0.213624,0.303567,0.123330,0.316957,0.281889,0.519781,0.421348,0.481541,0.486280,0.611247,0.288913,0.404449,0.382995,0.420868,0.470847,0.355082,0.731819,0.769372,0.331236,0.469524
106,.,.,.,.,.,.,.,.,.,.,.,0.000000,0.971098,2.385093,6.000000,0.629508,0.918033,1.503356,0.702703,0.620930,2.596577,0.000000,0.830258,1.048458,1.326829,0.647773,1.051251,0.959716,0.700772,0.842193,0.479327,0.630079,0.567471,0.565090,0.540057,0.449171,0.000000,0.519181,0.242866,0.444335,0.396432,0.441068,0.663472,0.733795,0.692641,0.280439,0.168681,1.082381,0.440852,0.651938,0.595593,0.294310,0.653713,0.599880,0.887386,0.936768,0.653684,0.239425,0.578964,0.309385,0.270392
107,.,.,.,.,.,.,.,.,.,.,.,.,0.000000,4.285714,.,.,1.459459,4.212766,0.000000,0.506812,2.328358,.,0.000000,2.096774,4.245283,0.000000,1.680000,2.444444,1.297872,1.438144,0.734694,0.918033,0.857143,0.533058,0.460563,0.428243,0.000000,0.000000,0.243210,0.000000,0.393314,0.000000,0.431499,0.440205,0.239425,0.766773,0.000000,0.420021,0.000000,0.394218,0.000000,0.339271,0.417053,0.412797,0.000000,0.211790,0.936037,0.506009,0.314795,0.814848,0.149328
108,.,.,.,.,.,.,.,.,.,.,.,.,.,.,.,.,.,.,.,0.000000,4.325581,.,.,.,.,.,6.000000,.,.,6.000000,0.000000,2.073298,2.335135,1.172012,0.224599,0.177551,0.000000,0.688073,0.579430,0.276880,0.185128,0.255211,0.368777,0.000000,0.257954,0.299103,0.000000,0.275356,0.291687,0.000000,0.226929,1.238646,0.513479,0.000000,0.520156,0.285578,0.734844,0.797342,0.881057,0.229183,0.397614
109,.,.,.,.,.,.,.,.,.,.,.,.,.,.,.,.,.,.,.,.,.,.,.,.,.,.,.,.,.,.,.,.,.,.,0.000000,0.000000,0.000000,1.566580,0.000000,0.875274,0.359928,0.227187,0.726832,0.452148,0.356930,0.000000,0.000000,0.474308,0.379987,0.442152,0.000000,0.000000,0.000000,0.733048,1.485149,0.000000,0.461184,0.000000,2.236025,0.933126,0.846262
110,.,.,.,.,.,.,.,.,.,.,.,.,.,.,.,.,.,.,.,.,.,.,.,.,.,.,.,.,.,.,.,.,.,.,.,0.000000,0.000000,2.255639,0.000000,1.967213,1.195219,1.030043,1.119403,0.000000,0.211416,2.052863,1.188060,0.977887,1.027397,2.611534,1.310044,3.217158,0.000000,0.948617,1.973684,2.124555,0.000000,0.392157,2.529968,0.000000,1.534527
