Age,1958,1959,1960,1961,1962,1963,1964,1965,1966,1967,1968,1969,1970,1971,1972,1973,1974,1975,1976,1977,1978,1979,1980,1981,1982,1983,1984,1985,1986,1987,1988,1989,1990,1991,1992,1993,1994,1995,1996,1997,1998,1999,2000
0,0.074886,0.074509,0.057717,0.055149,0.055701,0.050063,0.048162,0.042256,0.039236,0.038502,0.034089,0.035266,0.039453,0.035636,0.033209,0.030759,0.028635,0.029873,0.02888,0.02907,0.027797,0.026347,0.026045,0.02512,0.025283,0.023804,0.023027,0.021768,0.020985,0.021204,0.020628,0.020034,0.01939,0.018333,0.017289,0.01605,0.015019,0.013127,0.01226,0.010023,0.009448,0.00876,0.008069
1,0.004888,0.005043,0.003507,0.003642,0.00319,0.003104,0.002874,0.002497,0.002336,0.002217,0.001973,0.001988,0.00189,0.002001,0.001657,0.001532,0.00134,0.001518,0.001243,0.001311,0.001356,0.001226,0.001224,0.001192,0.001153,0.001169,0.00108,0.001081,0.001084,0.001056,0.001074,0.001071,0.001044,0.000913,0.000877,0.000736,0.000847,0.000734,0.000681,0.00053,0.000528,0.00061,0.000557
2,0.001888,0.00191,0.001562,0.001494,0.001491,0.001351,0.001209,0.001144,0.001092,0.001183,0.001079,0.001014,0.000968,0.00095,0.000877,0.000916,0.000836,0.000856,0.000782,0.000775,0.000717,0.000705,0.000796,0.000674,0.00065,0.000606,0.000647,0.0006,0.000619,0.000523,0.000549,0.000642,0.000629,0.000496,0.000521,0.000477,0.000468,0.00044,0.00043,0.000458,0.000346,0.000368,0.000284
3,0.00133,0.001296,0.000955,0.001014,0.000966,0.000986,0.00081,0.000835,0.000862,0.000838,0.000764,0.000733,0.00077,0.00076,0.000724,0.000757,0.000581,0.000651,0.000571,0.00058,0.000663,0.000576,0.000602,0.000564,0.000491,0.000493,0.000499,0.000529,0.000405,0.00045,0.000401,0.00046,0.000467,0.000428,0.000436,0.000358,0.000366,0.000272,0.000329,0.000308,0.00029,0.000289,0.000222
4,0.000965,0.00104,0.000808,0.000798,0.000735,0.000831,0.000683,0.000721,0.000657,0.000687,0.000634,0.00058,0.000599,0.000626,0.000643,0.00052,0.000579,0.000602,0.000483,0.000537,0.000509,0.000467,0.000559,0.000479,0.000411,0.000381,0.000418,0.000348,0.000381,0.000348,0.000284,0.000348,0.000357,0.000363,0.000333,0.000309,0.000315,0.000292,0.000289,0.00026,0.000217,0.000267,0.000209
5,0.000828,0.000809,0.000666,0.000677,0.000706,0.000608,0.000551,0.000607,0.000528,0.000559,0.000579,0.000571,0.000544,0.000545,0.000547,0.000493,0.00047,0.000513,0.000468,0.000461,0.000446,0.000426,0.00045,0.000358,0.000436,0.000414,0.000344,0.000317,0.000311,0.000309,0.000301,0.000336,0.000306,0.000299,0.00025,0.000273,0.000258,0.000207,0.000238,0.000224,0.000222,0.000231,0.000154
6,0.000727,0.000721,0.000591,0.000574,0.000559,0.000532,0.000549,0.000485,0.00051,0.000487,0.000499,0.000512,0.000424,0.00048,0.000469,0.000468,0.000388,0.000432,0.000451,0.000406,0.000434,0.000404,0.000399,0.000455,0.0004,0.000357,0.000295,0.000342,0.000314,0.000264,0.000325,0.00031,0.00028,0.000261,0.000246,0.000244,0.000232,0.000256,0.000244,0.000231,0.000228,0.000206,0.000178
7,0.000666,0.000721,0.000501,0.000512,0.000537,0.000482,0.000472,0.000443,0.00046,0.000451,0.000512,0.000444,0.00049,0.000486,0.000425,0.00044,0.000369,0.00046,0.000419,0.000457,0.000365,0.000385,0.000396,0.000387,0.000428,0.000318,0.00035,0.000283,0.000297,0.000279,0.000276,0.000262,0.000241,0.000214,0.000236,0.000248,0.00022,0.000222,0.000239,0.00022,0.000197,0.000205,0.000184
8,0.000564,0.000635,0.00052,0.00052,0.000475,0.000461,0.000421,0.000408,0.000409,0.000413,0.000396,0.000419,0.000415,0.000441,0.000428,0.000378,0.000327,0.000387,0.000378,0.000387,0.000427,0.000365,0.000435,0.000394,0.000361,0.000315,0.000282,0.000294,0.000284,0.000243,0.000272,0.000302,0.000276,0.0003,0.000263,0.000216,0.000248,0.000227,0.000242,0.000218,0.000179,0.000188,0.000178
9,0.000525,0.000529,0.00048,0.000465,0.000419,0.000444,0.000387,0.000361,0.00039,0.000391,0.000367,0.000363,0.000373,0.000375,0.000402,0.000347,0.000321,0.000349,0.00033,0.000345,0.000395,0.00034,0.000309,0.000347,0.00037,0.000337,0.00032,0.000272,0.000269,0.000248,0.000234,0.000328,0.00026,0.000273,0.000217,0.000209,0.000222,0.000182,0.000188,0.000206,0.000185,0.000147,0.000156
10,0.000527,0.00055,0.000443,0.000484,0.000454,0.000421,0.00036,0.000324,0.000383,0.000354,0.000353,0.00031,0.000349,0.000372,0.000332,0.000386,0.000311,0.00034,0.000278,0.000332,0.000332,0.000316,0.000356,0.000306,0.000314,0.000309,0.000283,0.000288,0.000265,0.00022,0.00023,0.000258,0.00029,0.000274,0.000253,0.000245,0.000194,0.000199,0.000217,0.00017,0.000192,0.000199,0.000152
11,0.00049,0.000583,0.000449,0.000471,0.000435,0.000387,0.000399,0.000362,0.000335,0.000372,0.000349,0.000317,0.000332,0.000345,0.000299,0.000326,0.000262,0.00035,0.00026,0.000306,0.000306,0.00031,0.000274,0.000331,0.000297,0.000331,0.00029,0.000277,0.000228,0.000243,0.000202,0.000297,0.000224,0.000245,0.000231,0.000204,0.000204,0.000193,0.000174,0.0002,0.000213,0.000177,0.000178
12,0.000534,0.000531,0.000455,0.000475,0.000463,0.000424,0.000378,0.00033,0.000343,0.000358,0.000342,0.000334,0.000366,0.000371,0.000358,0.000341,0.000298,0.000305,0.000282,0.000305,0.000348,0.000329,0.000341,0.000312,0.000318,0.000307,0.000286,0.000263,0.000277,0.000248,0.000227,0.000267,0.000291,0.000269,0.000263,0.000215,0.000191,0.000209,0.000206,0.000199,0.000173,0.000173,0.000161
13,0.000561,0.00056,0.000452,0.000496,0.000496,0.000474,0.000414,0.000386,0.000365,0.00039,0.000377,0.000334,0.000378,0.000384,0.000357,0.000374,0.000308,0.000324,0.000343,0.000339,0.000328,0.000367,0.000279,0.000349,0.000354,0.000336,0.000316,0.000304,0.000282,0.000235,0.000282,0.000274,0.000284,0.000301,0.000245,0.000215,0.000221,0.000298,0.000237,0.000218,0.000218,0.000196,0.000215
14,0.00065,0.000633,0.000608,0.000571,0.000552,0.000562,0.000465,0.000461,0.000434,0.000413,0.000436,0.000446,0.000497,0.000407,0.000455,0.000366,0.000345,0.000433,0.00044,0.000368,0.000378,0.000428,0.000353,0.000372,0.000384,0.000349,0.000348,0.00032,0.000373,0.000326,0.000289,0.000321,0.000345,0.000373,0.000319,0.000291,0.000333,0.000297,0.000298,0.000301,0.000265,0.000279,0.000226
15,0.000717,0.000676,0.000659,0.000585,0.000626,0.00061,0.000531,0.000533,0.000559,0.00058,0.000501,0.000534,0.000465,0.000512,0.000464,0.000494,0.000462,0.00051,0.000548,0.000441,0.000463,0.000503,0.000452,0.000473,0.000481,0.000533,0.000429,0.00041,0.000404,0.00041,0.000383,0.000431,0.000427,0.000461,0.000404,0.00039,0.000411,0.000431,0.000391,0.000344,0.000399,0.000348,0.000303
16,0.000818,0.000833,0.000708,0.000643,0.000687,0.000628,0.000628,0.000555,0.000634,0.000566,0.000608,0.000557,0.000575,0.000623,0.000526,0.000557,0.000486,0.000587,0.000641,0.000523,0.000536,0.000596,0.000495,0.00061,0.000521,0.000592,0.000523,0.000457,0.000487,0.00045,0.000495,0.0005,0.000518,0.000501,0.000569,0.000552,0.000487,0.000519,0.000449,0.000472,0.000464,0.000525,0.000391
17,0.000883,0.000996,0.000765,0.00086,0.000803,0.000854,0.000714,0.000665,0.000732,0.000706,0.000697,0.000714,0.000695,0.000723,0.000667,0.00069,0.000601,0.000692,0.000722,0.000683,0.000664,0.000704,0.000666,0.000659,0.00071,0.000708,0.000649,0.000594,0.000631,0.000538,0.000575,0.000698,0.000753,0.000671,0.000709,0.000627,0.000708,0.000564,0.000626,0.000636,0.000608,0.000531,0.000584
18,0.001127,0.001067,0.000982,0.001066,0.000967,0.00092,0.000846,0.000792,0.000898,0.000802,0.000852,0.000898,0.000878,0.000924,0.000942,0.00086,0.000812,0.000843,0.000801,0.000863,0.000861,0.000802,0.000827,0.000926,0.000815,0.00091,0.000749,0.000813,0.000857,0.000794,0.000756,0.000877,0.000894,0.000943,0.000835,0.000753,0.000848,0.000782,0.00069,0.000761,0.000733,0.000729,0.000646
19,0.001306,0.001355,0.001182,0.001123,0.001271,0.001208,0.000934,0.000926,0.000948,0.001045,0.00104,0.001053,0.00099,0.001082,0.00102,0.001044,0.000936,0.000983,0.000892,0.001025,0.000978,0.000901,0.001049,0.001004,0.000978,0.000913,0.000924,0.000849,0.00082,0.000895,0.0009,0.000951,0.000898,0.000985,0.000951,0.000887,0.000914,0.000882,0.000817,0.000893,0.000819,0.000844,0.000681
20,0.001506,0.001415,0.001226,0.001362,0.001196,0.001272,0.001082,0.001043,0.001032,0.000977,0.001079,0.00109,0.001033,0.001093,0.001133,0.001012,0.000961,0.001029,0.000974,0.001092,0.001087,0.000999,0.001114,0.001017,0.000936,0.001051,0.000892,0.001017,0.000897,0.000812,0.00074,0.000978,0.00098,0.001065,0.000967,0.000834,0.000884,0.000796,0.000751,0.000833,0.00081,0.000793,0.000751
21,0.001514,0.001453,0.001303,0.001364,0.001276,0.001108,0.001101,0.001198,0.001112,0.001031,0.001124,0.001007,0.001074,0.00122,0.001077,0.001126,0.000966,0.001099,0.001054,0.001152,0.001138,0.001083,0.001072,0.001046,0.001054,0.000979,0.00086,0.000899,0.000888,0.000849,0.000849,0.00106,0.001019,0.001068,0.000986,0.00084,0.000922,0.000828,0.000849,0.000823,0.000825,0.000872,0.000816
22,0.001444,0.001491,0.001287,0.001361,0.001391,0.001355,0.001131,0.001119,0.001147,0.001085,0.001165,0.001146,0.001087,0.001118,0.00117,0.00109,0.000994,0.001161,0.001126,0.001175,0.001156,0.001165,0.001156,0.001079,0.001063,0.001056,0.000975,0.000945,0.001007,0.000928,0.000801,0.001115,0.001068,0.001124,0.000986,0.000894,0.000958,0.000888,0.000853,0.000916,0.000904,0.000887,0.000751
23,0.001443,0.00151,0.001328,0.001396,0.001397,0.001304,0.001272,0.001097,0.001121,0.001298,0.00127,0.001154,0.001145,0.001201,0.001143,0.001103,0.001058,0.001243,0.001169,0.001254,0.001171,0.001222,0.001221,0.001126,0.001184,0.001139,0.001062,0.00097,0.000928,0.000928,0.000975,0.00096,0.001049,0.001052,0.001032,0.000859,0.000831,0.000908,0.000843,0.000848,0.000873,0.000808,0.000827
24,0.001638,0.001578,0.001453,0.00145,0.0015,0.001361,0.001293,0.001253,0.001193,0.001156,0.00136,0.001203,0.001181,0.001234,0.001191,0.001153,0.001036,0.001187,0.001201,0.001204,0.001208,0.001269,0.001226,0.001136,0.001166,0.001186,0.001067,0.00103,0.000995,0.00097,0.000828,0.001031,0.001137,0.001146,0.001013,0.000934,0.000926,0.000873,0.000896,0.000853,0.000899,0.000955,0.000752
25,0.001653,0.001636,0.001446,0.001628,0.001625,0.001513,0.001305,0.00129,0.001218,0.001211,0.001102,0.001262,0.001185,0.001164,0.001216,0.001153,0.001111,0.001204,0.001229,0.00136,0.001272,0.001305,0.001317,0.001129,0.001226,0.001182,0.001132,0.001077,0.001008,0.00097,0.001001,0.001114,0.001099,0.001109,0.00107,0.000937,0.000928,0.00094,0.000846,0.000908,0.000784,0.000795,0.000812
26,0.001634,0.001657,0.001512,0.001569,0.001416,0.001403,0.00135,0.001311,0.001261,0.001223,0.001111,0.001116,0.001335,0.001325,0.001134,0.001236,0.001121,0.00121,0.001265,0.00127,0.001342,0.001318,0.001313,0.001225,0.001191,0.001176,0.001175,0.001196,0.00105,0.000956,0.000979,0.001075,0.001177,0.001192,0.001117,0.00099,0.000907,0.000998,0.00083,0.001011,0.000858,0.000963,0.000866
27,0.001655,0.001633,0.001557,0.001646,0.00151,0.001532,0.001318,0.001344,0.001312,0.001219,0.001403,0.001201,0.001323,0.0014,0.001199,0.001271,0.001184,0.0013,0.001273,0.001326,0.001385,0.001334,0.001354,0.001202,0.001269,0.001303,0.001227,0.00115,0.001129,0.001069,0.001042,0.001188,0.001096,0.001169,0.001163,0.001042,0.00105,0.001102,0.00105,0.001047,0.000902,0.000963,0.000844
28,0.001721,0.001745,0.001606,0.001636,0.001647,0.00156,0.001423,0.001318,0.001337,0.001439,0.001285,0.00134,0.001265,0.001283,0.001239,0.001245,0.0012,0.001184,0.001266,0.00139,0.001375,0.001358,0.001391,0.00132,0.001248,0.00127,0.001294,0.001258,0.001245,0.00128,0.001184,0.001233,0.001207,0.001285,0.001217,0.001128,0.001161,0.001146,0.00096,0.00105,0.001074,0.001028,0.000945
29,0.001875,0.001865,0.001643,0.001723,0.001812,0.001588,0.001453,0.00141,0.001405,0.001296,0.001537,0.001429,0.001294,0.001468,0.001276,0.001324,0.00139,0.001338,0.001287,0.001432,0.001462,0.001401,0.001487,0.00139,0.001327,0.001401,0.001377,0.001326,0.001192,0.001276,0.001196,0.001321,0.001371,0.001363,0.001241,0.001102,0.001186,0.001112,0.001073,0.001113,0.00113,0.001167,0.000968
30,0.001994,0.001898,0.001701,0.001791,0.001698,0.001656,0.001535,0.001498,0.001448,0.001515,0.001397,0.001395,0.001445,0.001496,0.001491,0.001426,0.001311,0.001507,0.00143,0.001452,0.001604,0.001427,0.001503,0.001428,0.001518,0.001439,0.001503,0.001404,0.001383,0.001348,0.001407,0.001539,0.001542,0.001519,0.001469,0.001239,0.001283,0.001227,0.001228,0.001189,0.001061,0.001128,0.001087
31,0.001922,0.001884,0.001786,0.001862,0.001796,0.001722,0.001651,0.00156,0.001546,0.001467,0.001372,0.001546,0.001494,0.001681,0.001504,0.001508,0.001405,0.001575,0.001626,0.00164,0.001629,0.001469,0.001576,0.001428,0.001475,0.001601,0.001532,0.00148,0.001445,0.001551,0.001481,0.001568,0.001677,0.001576,0.001399,0.001423,0.001312,0.001358,0.001241,0.001289,0.001252,0.00119,0.00106
32,0.001953,0.002008,0.001813,0.001931,0.002045,0.001853,0.001711,0.001666,0.001574,0.001526,0.001566,0.001594,0.001483,0.001587,0.001521,0.001585,0.001506,0.00157,0.001676,0.00173,0.001805,0.001579,0.001798,0.00157,0.001533,0.001628,0.001687,0.001566,0.001542,0.001507,0.001644,0.001554,0.001679,0.001759,0.001665,0.001406,0.001569,0.001482,0.001354,0.001358,0.001303,0.001252,0.001248
33,0.002059,0.002106,0.002012,0.001951,0.002038,0.00189,0.001701,0.001781,0.001754,0.00178,0.001752,0.001691,0.001695,0.001662,0.001758,0.001716,0.0016,0.001685,0.001796,0.001967,0.001883,0.001885,0.001838,0.001557,0.001642,0.001707,0.001678,0.001753,0.001709,0.00169,0.001645,0.001729,0.001734,0.001866,0.001769,0.001639,0.001665,0.00166,0.001402,0.001441,0.001334,0.001437,0.001261
34,0.0023,0.002192,0.002028,0.002098,0.002073,0.001961,0.001933,0.001841,0.001744,0.001864,0.001737,0.001841,0.001699,0.001924,0.001722,0.001669,0.001806,0.001742,0.001925,0.001903,0.002152,0.002233,0.002092,0.001853,0.001674,0.001844,0.001957,0.00188,0.001852,0.001778,0.001731,0.001869,0.002092,0.002036,0.001995,0.001832,0.001808,0.001735,0.001669,0.001649,0.001577,0.001596,0.001421
35,0.002272,0.002275,0.002159,0.0021,0.002228,0.002067,0.002064,0.001965,0.001915,0.001957,0.001788,0.001922,0.001908,0.002046,0.001892,0.002006,0.001793,0.002,0.00204,0.002043,0.001916,0.002292,0.002262,0.00187,0.001989,0.001812,0.002027,0.002088,0.001963,0.001992,0.001939,0.002069,0.002181,0.002228,0.002208,0.002004,0.002049,0.002001,0.001848,0.001754,0.001738,0.001723,0.001538
36,0.002304,0.002304,0.0022,0.001992,0.002256,0.002242,0.001985,0.002279,0.002121,0.002012,0.002126,0.002155,0.002089,0.002235,0.002004,0.001998,0.001972,0.002032,0.002191,0.002186,0.002237,0.002389,0.002493,0.002036,0.001957,0.002025,0.002195,0.002296,0.002219,0.002155,0.002087,0.002198,0.002288,0.002549,0.002369,0.00208,0.002113,0.002223,0.001917,0.001977,0.001985,0.001753,0.001781
37,0.002368,0.002436,0.002285,0.002211,0.002336,0.002407,0.002153,0.002169,0.002227,0.002274,0.002207,0.002212,0.002174,0.002228,0.002225,0.002126,0.002042,0.002208,0.002391,0.002265,0.002353,0.002462,0.002471,0.002316,0.00215,0.002284,0.002342,0.002395,0.002375,0.002424,0.002369,0.002443,0.002519,0.002703,0.002416,0.002362,0.002366,0.00238,0.002235,0.002254,0.00209,0.002172,0.001892
38,0.002743,0.002724,0.002611,0.002443,0.002528,0.002554,0.002389,0.002373,0.002378,0.002431,0.002286,0.002326,0.002293,0.002335,0.002342,0.002467,0.002227,0.002393,0.002594,0.002652,0.002636,0.002507,0.002795,0.002496,0.002637,0.002438,0.002635,0.002543,0.002527,0.002503,0.002481,0.002693,0.002817,0.002911,0.002743,0.002621,0.002593,0.002524,0.002437,0.002453,0.002431,0.002319,0.002139
39,0.002578,0.003107,0.002384,0.002702,0.002493,0.002547,0.002541,0.002497,0.002521,0.002626,0.002675,0.002744,0.002538,0.002766,0.002478,0.002451,0.002524,0.002647,0.002754,0.002963,0.00308,0.002647,0.003017,0.00283,0.0025,0.002763,0.002891,0.003006,0.002906,0.002869,0.00283,0.003013,0.003186,0.00338,0.003087,0.002883,0.002922,0.003032,0.002646,0.002758,0.002719,0.002611,0.002387
40,0.003001,0.002923,0.003086,0.002782,0.002763,0.002847,0.00266,0.002568,0.00283,0.00261,0.002748,0.002907,0.00279,0.002885,0.002573,0.00271,0.002737,0.002783,0.002927,0.003143,0.00324,0.00291,0.003383,0.003105,0.002854,0.002976,0.003427,0.003163,0.003145,0.003074,0.003012,0.003269,0.00339,0.003519,0.003645,0.003054,0.003086,0.003254,0.002979,0.002939,0.002947,0.003044,0.002581
41,0.00297,0.003192,0.002976,0.003139,0.002728,0.003039,0.002755,0.002759,0.00285,0.00286,0.003012,0.003039,0.002988,0.003175,0.002996,0.002936,0.002957,0.003176,0.003213,0.003187,0.003367,0.003237,0.0037,0.003255,0.003183,0.003289,0.003319,0.003693,0.003327,0.003419,0.003329,0.003429,0.003541,0.003849,0.003875,0.003559,0.003369,0.003594,0.003474,0.003377,0.003089,0.003208,0.003034
42,0.003372,0.00335,0.003176,0.002992,0.003525,0.003151,0.003111,0.003146,0.002855,0.002997,0.0032,0.003089,0.003185,0.003352,0.003186,0.003169,0.003075,0.003163,0.003551,0.003741,0.003698,0.003549,0.004053,0.003511,0.003424,0.003442,0.003787,0.003727,0.003712,0.003696,0.003835,0.003899,0.00399,0.004255,0.004106,0.003872,0.003855,0.003734,0.003498,0.003675,0.003538,0.003659,0.003197
43,0.003815,0.003557,0.003283,0.003389,0.003328,0.003815,0.003201,0.003185,0.003249,0.003396,0.003351,0.003497,0.003442,0.003665,0.003519,0.003592,0.00341,0.003644,0.0038,0.004013,0.004101,0.003918,0.004237,0.003931,0.0036,0.00398,0.004054,0.004139,0.004033,0.004161,0.004032,0.004355,0.00433,0.004754,0.00465,0.004269,0.004289,0.004374,0.003907,0.00397,0.003953,0.003765,0.003597
44,0.003902,0.004039,0.003675,0.003404,0.003866,0.003599,0.003917,0.003487,0.003614,0.003589,0.003595,0.003714,0.00368,0.003995,0.003626,0.003991,0.003907,0.003837,0.004037,0.004146,0.004286,0.004447,0.004732,0.004019,0.0041,0.004327,0.004404,0.004772,0.004591,0.00458,0.004641,0.004474,0.004852,0.00518,0.004972,0.004553,0.004447,0.004587,0.004457,0.004292,0.004285,0.004227,0.004081
45,0.003893,0.004339,0.004012,0.003867,0.004243,0.003977,0.003761,0.003958,0.003677,0.003901,0.003963,0.00416,0.004034,0.00421,0.003897,0.00402,0.003985,0.004375,0.004299,0.004598,0.004859,0.005026,0.00503,0.004491,0.004503,0.004562,0.004946,0.00518,0.005079,0.005051,0.004791,0.005313,0.005162,0.005622,0.005458,0.004785,0.004848,0.005082,0.004795,0.004893,0.004647,0.004635,0.004373
46,0.004568,0.004443,0.00447,0.004642,0.004328,0.0044,0.003991,0.004241,0.004418,0.004069,0.004343,0.004387,0.004437,0.004603,0.004387,0.004494,0.004373,0.004767,0.004718,0.005082,0.005296,0.005396,0.005511,0.004739,0.004919,0.005088,0.005173,0.005335,0.005508,0.00548,0.005214,0.005467,0.005814,0.006016,0.005912,0.005338,0.005543,0.005633,0.005211,0.005129,0.005217,0.004927,0.004864
47,0.004892,0.00512,0.004848,0.004568,0.004924,0.004409,0.004466,0.004708,0.00405,0.00503,0.004251,0.004659,0.004648,0.004727,0.00475,0.004941,0.004643,0.005196,0.005305,0.005658,0.005722,0.005677,0.005861,0.005387,0.005255,0.005564,0.005829,0.00581,0.005833,0.006045,0.00574,0.005917,0.006239,0.006735,0.006145,0.005763,0.005908,0.005944,0.005368,0.005719,0.005592,0.005663,0.005105
48,0.00544,0.005365,0.004991,0.004935,0.005122,0.005158,0.004738,0.004826,0.004724,0.004832,0.005157,0.004983,0.004967,0.005322,0.004993,0.005166,0.005254,0.005461,0.005993,0.005956,0.006307,0.005919,0.006774,0.005696,0.00575,0.005907,0.006192,0.006573,0.006334,0.006519,0.006258,0.006524,0.006614,0.00684,0.007141,0.006181,0.006326,0.006299,0.005993,0.006179,0.005888,0.006178,0.005615
49,0.006251,0.005794,0.005768,0.005693,0.005558,0.005537,0.005417,0.005277,0.005352,0.005283,0.005265,0.006013,0.005573,0.005738,0.005389,0.005671,0.005831,0.006312,0.00676,0.006766,0.006754,0.006301,0.00722,0.006473,0.006204,0.006737,0.006975,0.007172,0.007084,0.007084,0.006749,0.007158,0.007116,0.007643,0.007255,0.007219,0.006712,0.007084,0.006882,0.0068,0.006494,0.006539,0.006278
50,0.006181,0.006787,0.006214,0.005972,0.006204,0.0059,0.005961,0.005867,0.005992,0.005898,0.005786,0.006034,0.006579,0.006434,0.006071,0.006189,0.006181,0.006364,0.007099,0.007022,0.007174,0.006846,0.007636,0.006962,0.006943,0.007083,0.0074,0.007709,0.007728,0.007664,0.007779,0.007769,0.007982,0.008534,0.008162,0.007589,0.007734,0.007319,0.007161,0.007222,0.007059,0.007418,0.006873
51,0.007078,0.007259,0.006694,0.006707,0.006816,0.006699,0.006325,0.006246,0.006546,0.006237,0.006323,0.00657,0.006132,0.007017,0.006371,0.006749,0.006461,0.006974,0.007528,0.007521,0.007773,0.007556,0.008361,0.007965,0.007797,0.007793,0.008094,0.008144,0.008566,0.008615,0.008169,0.008472,0.008131,0.009122,0.008815,0.008082,0.00797,0.008677,0.007774,0.008117,0.007777,0.007527,0.007143
52,0.007637,0.00815,0.007374,0.007554,0.007485,0.00705,0.007277,0.006956,0.007,0.007507,0.006848,0.007047,0.00684,0.0069,0.007667,0.007163,0.007093,0.007686,0.007984,0.007944,0.008281,0.008407,0.008837,0.008383,0.008266,0.008769,0.009114,0.009267,0.008994,0.009233,0.00891,0.009177,0.00951,0.009699,0.009426,0.008855,0.00855,0.008508,0.008872,0.008496,0.008438,0.008347,0.007807
53,0.008599,0.008407,0.008331,0.008001,0.008216,0.007924,0.007337,0.007382,0.0076,0.007656,0.007868,0.007926,0.007846,0.007581,0.00736,0.008319,0.007734,0.008069,0.008051,0.008865,0.008886,0.008814,0.009644,0.008924,0.009239,0.009003,0.009857,0.009865,0.009803,0.009718,0.009656,0.009872,0.009769,0.010674,0.009892,0.009755,0.00908,0.009244,0.00944,0.009241,0.008892,0.009252,0.008646
54,0.009431,0.009072,0.008813,0.009051,0.009014,0.008947,0.008437,0.007963,0.008079,0.00839,0.008174,0.009103,0.008031,0.008976,0.008016,0.00832,0.009049,0.008847,0.008469,0.009392,0.009675,0.009658,0.010294,0.009827,0.009835,0.01004,0.010356,0.011169,0.010859,0.010462,0.010334,0.010548,0.010964,0.01119,0.010843,0.010207,0.010176,0.010314,0.009682,0.009631,0.010019,0.009209,0.009457
55,0.00992,0.010198,0.009423,0.009681,0.010023,0.009509,0.009321,0.009176,0.008684,0.009358,0.009071,0.009497,0.009612,0.009406,0.008977,0.009012,0.008517,0.010454,0.008599,0.010319,0.009943,0.010824,0.011265,0.010427,0.010491,0.010578,0.011203,0.011964,0.011687,0.011601,0.011347,0.011411,0.011906,0.012151,0.011784,0.011377,0.010857,0.01095,0.010685,0.010359,0.010496,0.011115,0.009573
56,0.011483,0.011321,0.010799,0.010425,0.010488,0.010602,0.0102,0.010198,0.009855,0.010177,0.010226,0.010122,0.009862,0.011133,0.009089,0.00972,0.009446,0.009662,0.008878,0.010763,0.0113,0.011486,0.011787,0.011027,0.011461,0.011624,0.012174,0.012847,0.012805,0.012911,0.012503,0.012142,0.012642,0.013468,0.012701,0.011876,0.012092,0.011822,0.011629,0.011414,0.010952,0.011199,0.011023
57,0.011958,0.012884,0.01157,0.011757,0.011714,0.011553,0.011303,0.011581,0.011164,0.011132,0.010919,0.01166,0.010881,0.010914,0.010965,0.01052,0.011012,0.011359,0.011215,0.012676,0.011829,0.012689,0.012434,0.012147,0.012096,0.01264,0.013006,0.013167,0.013661,0.013589,0.013807,0.01364,0.01377,0.014552,0.013717,0.013091,0.012631,0.012631,0.012745,0.012594,0.011925,0.011984,0.011112
58,0.013855,0.013253,0.013442,0.012631,0.012744,0.012098,0.012214,0.012258,0.011959,0.012458,0.012005,0.012696,0.012502,0.012118,0.011635,0.012692,0.010823,0.011768,0.014522,0.012145,0.01423,0.013301,0.013911,0.013563,0.013371,0.013448,0.014396,0.014664,0.014291,0.014947,0.01469,0.015092,0.015021,0.014794,0.014959,0.014427,0.013568,0.013886,0.013321,0.013096,0.012891,0.012604,0.012275
59,0.015207,0.015567,0.013577,0.014547,0.01429,0.014219,0.014017,0.013405,0.01387,0.013807,0.013477,0.013898,0.013678,0.013726,0.012927,0.012662,0.013624,0.012589,0.016099,0.013706,0.01354,0.01315,0.014792,0.014536,0.014348,0.014718,0.015046,0.015573,0.016055,0.015997,0.015921,0.016621,0.016242,0.016795,0.016003,0.015387,0.015077,0.014849,0.014421,0.014246,0.014026,0.013908,0.013234
60,0.017299,0.017661,0.016252,0.015384,0.016474,0.015304,0.015822,0.01507,0.014515,0.016166,0.01563,0.015968,0.014887,0.015296,0.014551,0.014718,0.014253,0.015725,0.017079,0.0155,0.014751,0.014726,0.01771,0.015446,0.015536,0.016158,0.01663,0.017188,0.017269,0.016804,0.017034,0.017634,0.018254,0.018371,0.017552,0.017051,0.01656,0.016649,0.015711,0.01556,0.015034,0.015242,0.014657
61,0.018183,0.019293,0.016791,0.017849,0.016713,0.017021,0.016671,0.015955,0.016185,0.016109,0.016449,0.017222,0.017033,0.017237,0.015443,0.015801,0.015417,0.015452,0.016413,0.015476,0.016356,0.017212,0.017442,0.01801,0.016839,0.017408,0.017397,0.018963,0.018452,0.018384,0.018934,0.018294,0.019223,0.01967,0.019058,0.017791,0.01734,0.01768,0.016991,0.016946,0.016388,0.01616,0.015219
62,0.020419,0.021048,0.019105,0.01901,0.019539,0.017974,0.018925,0.018312,0.017829,0.018348,0.017449,0.019166,0.018655,0.01918,0.017068,0.017046,0.017224,0.016939,0.016571,0.018037,0.016979,0.018137,0.018341,0.017575,0.019554,0.018638,0.019169,0.019445,0.020231,0.019889,0.019549,0.020017,0.020198,0.021703,0.020442,0.019865,0.018648,0.018691,0.018681,0.01828,0.017605,0.01809,0.016571
63,0.02126,0.022834,0.021338,0.020935,0.0214,0.020842,0.019826,0.020522,0.019804,0.020051,0.01914,0.020593,0.02057,0.020859,0.019179,0.018971,0.018734,0.0191,0.018142,0.018916,0.020181,0.019378,0.02008,0.019055,0.018936,0.021462,0.019868,0.021817,0.021326,0.021873,0.021155,0.021722,0.021137,0.022099,0.021879,0.020921,0.020496,0.020136,0.019804,0.019466,0.019547,0.019078,0.018226
64,0.024645,0.023977,0.022671,0.023351,0.023647,0.022964,0.023614,0.021197,0.022309,0.02194,0.022122,0.022226,0.022186,0.024261,0.020556,0.021604,0.020747,0.02119,0.020633,0.021072,0.020763,0.019759,0.020577,0.021463,0.020691,0.021118,0.024587,0.023223,0.023445,0.023465,0.022921,0.023506,0.02361,0.023955,0.023364,0.02275,0.022599,0.022292,0.021843,0.021044,0.021178,0.02106,0.019937
65,0.025475,0.027696,0.025374,0.025482,0.026442,0.025911,0.026333,0.024779,0.023426,0.024951,0.024299,0.025855,0.023635,0.025756,0.023484,0.023737,0.023278,0.023549,0.023461,0.023607,0.022703,0.021582,0.02529,0.02215,0.023163,0.022853,0.023486,0.027312,0.025483,0.025568,0.024922,0.024871,0.025538,0.026432,0.025133,0.024709,0.024176,0.023959,0.023797,0.022968,0.02249,0.023179,0.021662
66,0.029375,0.02924,0.028464,0.027161,0.02852,0.027574,0.028795,0.02748,0.026808,0.02659,0.027961,0.027214,0.027032,0.02842,0.024893,0.026265,0.025171,0.025956,0.025824,0.025748,0.025894,0.024675,0.026366,0.02592,0.023833,0.025149,0.026292,0.025866,0.029278,0.027532,0.027097,0.027707,0.027117,0.028087,0.026814,0.027349,0.025891,0.025957,0.026007,0.025846,0.024193,0.024707,0.023224
67,0.03234,0.034088,0.029588,0.031425,0.031928,0.030485,0.030636,0.030916,0.029277,0.030491,0.028388,0.031006,0.030212,0.031386,0.028123,0.02779,0.028336,0.028284,0.029139,0.028187,0.028403,0.028365,0.029278,0.027104,0.028237,0.026268,0.028285,0.029961,0.028351,0.03285,0.028436,0.029527,0.030287,0.03097,0.029103,0.029119,0.028155,0.027986,0.027913,0.027147,0.026793,0.026101,0.024868
68,0.035395,0.037533,0.034881,0.032361,0.03538,0.032289,0.033711,0.033302,0.032344,0.033669,0.033087,0.03316,0.033494,0.035027,0.031679,0.031179,0.030524,0.031688,0.03192,0.031623,0.032129,0.031808,0.032766,0.02936,0.029662,0.031492,0.029814,0.032841,0.031406,0.031741,0.034214,0.030764,0.032758,0.03271,0.032048,0.031458,0.030648,0.02973,0.029518,0.029366,0.028962,0.028744,0.027307
69,0.038762,0.041094,0.037139,0.038358,0.038123,0.038245,0.036884,0.036561,0.036618,0.036969,0.036521,0.038661,0.035919,0.039901,0.034255,0.03524,0.033896,0.034199,0.034993,0.035049,0.035852,0.034317,0.035923,0.03378,0.033364,0.032374,0.034952,0.034659,0.03558,0.033612,0.032591,0.038056,0.034426,0.035848,0.035262,0.034604,0.033069,0.033338,0.031636,0.031655,0.031275,0.031281,0.029494
70,0.041586,0.044155,0.040059,0.040853,0.043363,0.03797,0.042456,0.040147,0.039547,0.041319,0.040154,0.042201,0.041708,0.043074,0.038367,0.038847,0.037746,0.037911,0.038887,0.039761,0.039858,0.037992,0.039176,0.036982,0.036568,0.036253,0.036541,0.039639,0.037153,0.038766,0.036727,0.03663,0.04124,0.038025,0.037906,0.037635,0.036587,0.035323,0.035748,0.035236,0.033975,0.033657,0.032496
71,0.048828,0.049979,0.042362,0.044466,0.046449,0.045713,0.044637,0.045568,0.043878,0.045907,0.043986,0.047176,0.046385,0.048867,0.04048,0.043326,0.041321,0.043039,0.042811,0.04184,0.045132,0.041275,0.044649,0.040462,0.039034,0.041186,0.04067,0.042153,0.044128,0.040722,0.04115,0.039338,0.039585,0.045346,0.040062,0.041318,0.039523,0.038594,0.038486,0.037521,0.036437,0.036256,0.035561
72,0.05272,0.056434,0.049613,0.048008,0.05084,0.047491,0.052089,0.046771,0.048332,0.048981,0.047959,0.050845,0.051177,0.052935,0.047063,0.046225,0.046696,0.045889,0.04707,0.045958,0.047291,0.045382,0.04875,0.044658,0.044486,0.045074,0.045986,0.045872,0.044744,0.047183,0.044232,0.045095,0.043572,0.044039,0.048648,0.042695,0.043481,0.042881,0.042043,0.040064,0.040629,0.039974,0.03894
73,0.056066,0.061371,0.055992,0.054452,0.056258,0.05425,0.056185,0.054896,0.050441,0.057036,0.05116,0.055642,0.056367,0.058964,0.050268,0.052774,0.049427,0.052986,0.050943,0.051932,0.052521,0.050625,0.055289,0.048838,0.049133,0.049706,0.049564,0.052372,0.050573,0.048696,0.050619,0.047451,0.049428,0.049666,0.047199,0.052909,0.046005,0.047225,0.04659,0.044341,0.042888,0.043837,0.041033
74,0.063819,0.063477,0.060661,0.061383,0.062724,0.056361,0.061032,0.059082,0.059079,0.059392,0.059176,0.060341,0.061008,0.065927,0.057756,0.058974,0.057427,0.056846,0.056559,0.056729,0.057505,0.056395,0.057066,0.056941,0.054252,0.055139,0.05624,0.057546,0.055573,0.054065,0.053356,0.055132,0.051516,0.05514,0.051705,0.051606,0.056778,0.050312,0.051121,0.049874,0.046998,0.047944,0.045336
75,0.068364,0.075895,0.064355,0.066955,0.070075,0.064486,0.065491,0.064495,0.063568,0.067443,0.060263,0.070298,0.066731,0.072321,0.062222,0.064079,0.062733,0.065534,0.061169,0.064319,0.062458,0.062986,0.063381,0.059082,0.061046,0.060357,0.06288,0.064021,0.062713,0.062352,0.058116,0.058902,0.062754,0.057879,0.05779,0.057157,0.055669,0.061591,0.054743,0.054097,0.052645,0.051649,0.049683
76,0.07806,0.080252,0.074054,0.071571,0.076845,0.073672,0.072897,0.06978,0.067657,0.075445,0.072467,0.070751,0.076236,0.077611,0.069398,0.071701,0.069278,0.072146,0.069449,0.065954,0.070692,0.068446,0.072313,0.064375,0.064693,0.069419,0.069981,0.070832,0.067651,0.067746,0.065779,0.064803,0.065954,0.069439,0.061782,0.064076,0.060962,0.06053,0.067633,0.058236,0.05869,0.058014,0.054833
77,0.081021,0.093491,0.078451,0.082835,0.081396,0.078843,0.084696,0.076673,0.074607,0.080834,0.07802,0.081871,0.076893,0.089221,0.076299,0.079525,0.078048,0.078401,0.081334,0.077275,0.075827,0.075995,0.079472,0.072311,0.071363,0.073365,0.077091,0.077902,0.075308,0.0758,0.070763,0.072976,0.07165,0.073734,0.072724,0.067723,0.068362,0.066118,0.067223,0.07276,0.063082,0.063645,0.060718
78,0.094031,0.104521,0.09253,0.09061,0.095243,0.083069,0.091555,0.087495,0.084494,0.083319,0.082456,0.090009,0.091913,0.090821,0.086154,0.085155,0.083786,0.089139,0.086661,0.084672,0.089286,0.081081,0.089784,0.077219,0.081015,0.081336,0.080949,0.089733,0.083486,0.082167,0.079287,0.079256,0.079202,0.080012,0.078664,0.080585,0.072528,0.074736,0.073262,0.071638,0.077651,0.069588,0.06821
79,0.108137,0.09917,0.093429,0.101045,0.108502,0.094877,0.09731,0.097088,0.09375,0.096941,0.086765,0.095949,0.100837,0.10701,0.089599,0.098963,0.092161,0.097965,0.096034,0.095599,0.097168,0.092052,0.097274,0.090513,0.086277,0.089927,0.089976,0.094246,0.093858,0.09127,0.089345,0.088011,0.085937,0.090315,0.08513,0.085937,0.08678,0.079193,0.082626,0.078446,0.079958,0.086449,0.074905
80,0.115,0.123262,0.110873,0.105235,0.115011,0.11186,0.113376,0.104904,0.104434,0.109011,0.104298,0.107718,0.105748,0.113538,0.098948,0.098702,0.102927,0.104869,0.101943,0.102557,0.106358,0.102803,0.110909,0.098686,0.09825,0.100754,0.103933,0.10818,0.103278,0.103745,0.09753,0.09589,0.09622,0.098538,0.096541,0.095839,0.091919,0.094285,0.087248,0.08957,0.084515,0.081686,0.086556
81,0.124511,0.134795,0.119731,0.121504,0.127722,0.115877,0.120238,0.117327,0.109861,0.124373,0.111117,0.119761,0.116684,0.122702,0.110918,0.111635,0.106351,0.118909,0.111186,0.112361,0.116206,0.112147,0.117206,0.109238,0.10647,0.109045,0.112782,0.118708,0.113309,0.111535,0.109034,0.107315,0.107854,0.108878,0.105551,0.105703,0.102629,0.099534,0.107124,0.092662,0.09271,0.091534,0.086164
82,0.140626,0.144189,0.13204,0.131439,0.145269,0.123597,0.129726,0.132658,0.124892,0.134225,0.124448,0.130294,0.131109,0.131609,0.119825,0.124508,0.117829,0.1241,0.122948,0.121413,0.128742,0.121966,0.132397,0.113904,0.119527,0.120569,0.126426,0.129602,0.1267,0.123431,0.11621,0.118638,0.115776,0.122445,0.114288,0.118003,0.114862,0.110356,0.111327,0.113581,0.100711,0.105617,0.098071
83,0.150049,0.162504,0.144831,0.141977,0.152626,0.142978,0.137762,0.138956,0.138044,0.147088,0.133052,0.146704,0.140732,0.149727,0.136225,0.135545,0.132393,0.136809,0.137965,0.135988,0.13725,0.133384,0.145028,0.128794,0.124992,0.134001,0.13767,0.143541,0.137081,0.1352,0.129365,0.129909,0.133771,0.135396,0.127555,0.128572,0.124181,0.124795,0.125482,0.118584,0.118393,0.11063,0.112699
84,0.16452,0.171861,0.156118,0.158857,0.171732,0.151796,0.161257,0.147132,0.149686,0.15917,0.148119,0.155748,0.16231,0.160957,0.147924,0.147719,0.143161,0.150805,0.151626,0.146828,0.15663,0.145954,0.159169,0.142577,0.144855,0.144726,0.154792,0.157445,0.156301,0.151548,0.143511,0.144056,0.141817,0.147917,0.14161,0.144941,0.139085,0.133419,0.136908,0.132195,0.125767,0.133571,0.116095
85,0.17734,0.194639,0.162415,0.174681,0.189486,0.165845,0.172807,0.169565,0.156164,0.17625,0.163088,0.169491,0.16592,0.176623,0.159086,0.164056,0.158024,0.163926,0.169449,0.158323,0.159386,0.169808,0.168997,0.160013,0.152186,0.160631,0.165278,0.17508,0.166426,0.166536,0.155416,0.159965,0.154321,0.158045,0.15857,0.156707,0.151639,0.149043,0.151321,0.146364,0.137922,0.140261,0.138206
86,0.180269,0.202151,0.185578,0.179548,0.209412,0.181211,0.194449,0.184943,0.179074,0.18671,0.172578,0.194619,0.18903,0.184785,0.18127,0.18006,0.183577,0.185211,0.182576,0.172785,0.17589,0.183946,0.189092,0.168556,0.170424,0.175042,0.181955,0.193036,0.184909,0.177949,0.170395,0.169148,0.170867,0.176035,0.166933,0.171377,0.168455,0.169588,0.164905,0.16149,0.154986,0.156145,0.147174
87,0.207142,0.217929,0.192349,0.19944,0.220648,0.204329,0.208229,0.210269,0.192445,0.211958,0.187633,0.201798,0.213903,0.202207,0.197079,0.201313,0.194106,0.205872,0.198298,0.194852,0.192451,0.197521,0.201587,0.188276,0.180107,0.19545,0.203411,0.211088,0.19754,0.201028,0.183732,0.191294,0.184013,0.193582,0.182954,0.19561,0.190253,0.180996,0.188222,0.176489,0.170215,0.176296,0.162826
88,0.216433,0.241138,0.21186,0.206936,0.240654,0.214096,0.232692,0.213118,0.213226,0.222636,0.208335,0.21449,0.216761,0.226831,0.206984,0.213254,0.210204,0.220624,0.215655,0.204801,0.211216,0.210084,0.222178,0.193547,0.200831,0.207548,0.2214,0.229586,0.228091,0.213295,0.207733,0.204769,0.2059,0.204219,0.204963,0.211309,0.201126,0.201965,0.203707,0.193633,0.189247,0.187647,0.181391
89,0.236207,0.282145,0.229857,0.231853,0.246547,0.227915,0.245063,0.235712,0.233404,0.243594,0.234318,0.23643,0.237499,0.243967,0.237289,0.225401,0.219602,0.241841,0.233958,0.228523,0.22873,0.219659,0.242563,0.214016,0.215269,0.22929,0.242583,0.251353,0.235976,0.240186,0.219255,0.226113,0.220784,0.232294,0.222128,0.230076,0.227027,0.220307,0.223749,0.210846,0.206324,0.207665,0.197161
90,0.239295,0.276484,0.243293,0.239467,0.270295,0.254576,0.265862,0.256322,0.245704,0.255399,0.260124,0.267456,0.273532,0.271834,0.235405,0.258312,0.249084,0.256747,0.252218,0.248502,0.26,0.231675,0.263096,0.238146,0.231174,0.241928,0.252834,0.269694,0.266563,0.259862,0.237552,0.235549,0.24429,0.248405,0.254714,0.250057,0.247214,0.245616,0.241043,0.236227,0.231644,0.225846,0.219511
91,0.268054,0.31338,0.273182,0.276916,0.298408,0.252045,0.253724,0.266836,0.2695,0.295346,0.256407,0.276386,0.28,0.293683,0.255738,0.283274,0.265916,0.277282,0.268796,0.27158,0.269157,0.243784,0.27251,0.246895,0.247856,0.261948,0.285193,0.296652,0.275258,0.284045,0.258744,0.266266,0.253905,0.280811,0.259228,0.284517,0.268788,0.26497,0.263698,0.250269,0.253631,0.248498,0.236412
92,0.310466,0.328188,0.255796,0.306617,0.292912,0.279591,0.298676,0.282724,0.281725,0.299802,0.298227,0.292602,0.304165,0.299945,0.291874,0.295496,0.291783,0.291844,0.28969,0.281094,0.306923,0.253732,0.302563,0.258853,0.257611,0.282619,0.297147,0.313994,0.305517,0.289702,0.286184,0.284306,0.29916,0.301505,0.291829,0.300679,0.296616,0.288073,0.299221,0.276782,0.260824,0.280834,0.26267
93,0.311449,0.34291,0.30529,0.341061,0.370624,0.296817,0.296487,0.30571,0.288233,0.336868,0.291611,0.32096,0.326303,0.323631,0.32571,0.313807,0.29287,0.318377,0.319116,0.309434,0.333116,0.260641,0.324875,0.297898,0.272939,0.306091,0.31203,0.332117,0.323403,0.31572,0.297173,0.31474,0.320505,0.326693,0.309557,0.31441,0.312855,0.315601,0.311062,0.307809,0.290885,0.301686,0.284633
94,0.300351,0.336368,0.34158,0.375644,0.323378,0.342167,0.334426,0.337565,0.297259,0.358345,0.315537,0.327996,0.355133,0.333179,0.340388,0.324004,0.335623,0.347814,0.335,0.345091,0.348954,0.26347,0.355553,0.303637,0.294392,0.310051,0.333881,0.344574,0.33122,0.336631,0.326773,0.308628,0.344096,0.351889,0.3376,0.341466,0.341369,0.335283,0.350643,0.322847,0.329356,0.313935,0.315017
95,0.378396,0.369064,0.301195,0.377671,0.365984,0.349038,0.326443,0.329317,0.295166,0.367197,0.342355,0.371593,0.396017,0.37108,0.344196,0.371503,0.325226,0.384589,0.343126,0.363439,0.384001,0.268832,0.345886,0.339401,0.320179,0.344935,0.342386,0.367467,0.363116,0.369854,0.348203,0.348202,0.316688,0.363902,0.37352,0.387002,0.371395,0.37589,0.359669,0.347514,0.34741,0.334101,0.335507
96,0.362661,0.392686,0.374763,0.324703,0.483802,0.379634,0.366323,0.36654,0.320895,0.390283,0.354922,0.372807,0.343664,0.370242,0.361937,0.381328,0.370362,0.361828,0.37808,0.383599,0.388322,0.280597,0.355015,0.347303,0.380023,0.343011,0.387581,0.386512,0.37363,0.375337,0.365809,0.369865,0.360127,0.322655,0.395847,0.402562,0.393981,0.378271,0.395227,0.375024,0.37547,0.366792,0.361683
97,0.3286,0.396406,0.422103,0.350518,0.440761,0.410077,0.395318,0.373233,0.340306,0.345115,0.313774,0.355826,0.418552,0.410406,0.380943,0.390221,0.33847,0.407675,0.40449,0.433014,0.461767,0.27428,0.353761,0.384285,0.330304,0.362159,0.408594,0.408743,0.395917,0.392717,0.347308,0.390475,0.395435,0.381591,0.358407,0.457128,0.430163,0.402645,0.453515,0.403278,0.374629,0.410137,0.372161
98,0.429428,0.411437,0.354563,0.257512,0.385356,0.37242,0.371476,0.399153,0.40067,0.29622,0.256348,0.352045,0.304784,0.321681,0.294621,0.339709,0.3858,0.393333,0.403063,0.405374,0.435213,0.257552,0.433723,0.387497,0.37317,0.401638,0.398479,0.379795,0.361798,0.369792,0.354152,0.352179,0.371876,0.434277,0.354076,0.341806,0.257875,0.400465,0.426794,0.422353,0.400147,0.409267,0.405615
99,0.661037,0.753785,0.650958,0.548119,0.872801,0.483704,0.487709,0.359895,0.302819,0.404522,0.449928,0.448958,0.360743,0.423899,0.380498,0.467972,0.398425,0.41583,0.385995,0.376214,0.360107,0.257214,0.290263,0.298325,0.339198,0.307087,0.313089,0.362047,0.367445,0.348554,0.292419,0.378203,0.335826,0.413036,0.350606,0.433125,0.413059,0.434779,0.423602,0.404755,0.4017,0.467506,0.407508
100,0.641358,0.409232,0.364326,0.45021,0.274376,0.491806,0.479581,0.444895,0.328221,0.492239,0.323229,0.395876,0.510532,0.524768,0.439693,0.462495,0.478901,0.573315,0.392596,0.526869,0.617265,0.245775,0.455901,0.41647,0.444012,0.402968,0.473367,0.50306,0.468108,0.470268,0.383241,0.464717,0.488143,0.530583,0.530904,0.753696,1.439027,0.398109,0.529819,0.427713,0.431737,0.528088,0.37845
