,1950,1951,1952,1953,1954,1955,1956,1957,1958,1959,1960,1961,1962,1963,1964,1965,1966,1967,1968,1969,1970,1971,1972,1973,1974,1975,1976,1977,1978,1979,1980,1981,1982,1983,1984,1985,1986,1987,1988,1989,1990,1991,1992,1993,1994,1995,1996,1997,1998,1999,2000,2001,2002,2003,2004,2005,2006,2007,2008,2009,2010,2011,2012,2013,2014,2015,2016,2017,2018
1,0.036256,0.033861,0.033636,0.033407,0.030372,0.029212,0.028975,0.026143,0.025004,0.025857,0.024644,0.025051,0.024695,0.024241,0.022538,0.020011,0.019445,0.020560,0.018018,0.017516,0.017838,0.016710,0.015137,0.015210,0.014674,0.012384,0.012323,0.010720,0.010289,0.009916,0.010671,0.008758,0.008233,0.008525,0.008137,0.007711,0.007829,0.007568,0.008278,0.008132,0.007522,0.007306,0.007505,0.005756,0.005807,0.005667,0.005392,0.004804,0.005545,0.005378,0.005416,0.005484,0.004889,0.004489,0.004914,0.004792,0.004880,0.004103,0.004338,0.004944,0.003675,0.004167,0.003831,0.004409,0.004559,0.004628,0.003364,0.004040,0.003491
2,0.003317,0.003752,0.003409,0.002596,0.002644,0.002631,0.002693,0.002907,0.001872,0.002206,0.002267,0.001740,0.001947,0.001585,0.001871,0.001330,0.001561,0.001343,0.001563,0.001585,0.001394,0.001246,0.001399,0.001053,0.001191,0.001114,0.001023,0.001045,0.000884,0.000776,0.000806,0.000873,0.000906,0.001083,0.000897,0.000903,0.000714,0.000741,0.000809,0.000857,0.000952,0.000500,0.000394,0.000430,0.000668,0.000661,0.000477,0.000618,0.000551,0.000518,0.000422,0.000386,0.000295,0.000270,0.000511,0.000487,0.000347,0.000212,0.000158,0.000127,0.000174,0.000170,0.000215,0.000190,0.000210,0.000253,0.000090,0.000200,0.000290
3,0.002161,0.002397,0.001585,0.001948,0.001894,0.001863,0.001565,0.001748,0.001451,0.001399,0.001312,0.001384,0.001344,0.001468,0.001111,0.001364,0.001227,0.001129,0.000919,0.001049,0.000798,0.001155,0.000923,0.001104,0.000828,0.000812,0.000591,0.000362,0.000689,0.000579,0.000635,0.000581,0.000898,0.000508,0.000399,0.000532,0.000561,0.000345,0.000505,0.000367,0.000227,0.000486,0.000424,0.000252,0.000471,0.000275,0.000400,0.000262,0.000215,0.000287,0.000221,0.000453,0.000522,0.000239,0.000187,0.000187,0.000135,0.000132,0.000235,0.000155,0.000125,0.000196,0.000240,0.000189,0.000094,0.000162,0.000114,0.000223,0.000088
4,0.001132,0.001670,0.001403,0.001060,0.001041,0.001076,0.001202,0.001356,0.001336,0.001029,0.001278,0.000984,0.001072,0.001570,0.000929,0.000973,0.000892,0.000683,0.000944,0.000762,0.000711,0.000896,0.000857,0.000474,0.000880,0.000636,0.000588,0.000745,0.000749,0.000439,0.000384,0.000522,0.000276,0.000434,0.000586,0.000451,0.000265,0.000266,0.000396,0.000212,0.000364,0.000272,0.000358,0.000232,0.000271,0.000289,0.000205,0.000258,0.000191,0.000190,0.000191,0.000199,0.000178,0.000155,0.000237,0.000106,0.000159,0.000160,0.000156,0.000233,0.000128,0.000098,0.000121,0.000071,0.000070,0.000116,0.000000,0.000158,0.000067
5,0.001300,0.001198,0.001269,0.001257,0.001220,0.001204,0.001219,0.001111,0.000933,0.000992,0.001125,0.000937,0.000845,0.001086,0.000677,0.000784,0.000895,0.000668,0.000839,0.000733,0.000711,0.000866,0.000859,0.000640,0.000619,0.000589,0.000422,0.000474,0.000520,0.000361,0.000302,0.000519,0.000328,0.000356,0.000270,0.000185,0.000422,0.000343,0.000237,0.000341,0.000392,0.000204,0.000243,0.000283,0.000230,0.000224,0.000244,0.000342,0.000188,0.000191,0.000237,0.000265,0.000150,0.000151,0.000128,0.000157,0.000132,0.000079,0.000079,0.000026,0.000127,0.000050,0.000073,0.000216,0.000024,0.000070,0.000115,0.000091,0.000112
6,0.000703,0.001048,0.000967,0.001134,0.000913,0.001017,0.000714,0.001037,0.000903,0.000503,0.000729,0.000751,0.000729,0.000646,0.000976,0.000739,0.000763,0.000916,0.000633,0.000939,0.000812,0.000581,0.000655,0.000645,0.000579,0.000394,0.000428,0.000473,0.000596,0.000298,0.000566,0.000326,0.000459,0.000352,0.000381,0.000295,0.000289,0.000156,0.000260,0.000156,0.000103,0.000229,0.000274,0.000359,0.000256,0.000205,0.000313,0.000089,0.000160,0.000283,0.000168,0.000024,0.000217,0.000124,0.000075,0.000153,0.000104,0.000079,0.000078,0.000130,0.000127,0.000151,0.000050,0.000121,0.000024,0.000070,0.000046,0.000091,0.000158
7,0.000653,0.001029,0.000909,0.000666,0.000623,0.000794,0.000731,0.000666,0.000843,0.000380,0.000624,0.000751,0.000924,0.000657,0.000514,0.000699,0.000695,0.000659,0.000658,0.000693,0.000584,0.000701,0.000637,0.000541,0.000588,0.000404,0.000340,0.000349,0.000775,0.000384,0.000425,0.000232,0.000217,0.000351,0.000298,0.000272,0.000134,0.000288,0.000415,0.000232,0.000180,0.000227,0.000250,0.000246,0.000142,0.000162,0.000181,0.000134,0.000200,0.000091,0.000118,0.000024,0.000024,0.000168,0.000123,0.000199,0.000152,0.000129,0.000104,0.000052,0.000052,0.000051,0.000050,0.000124,0.000024,0.000094,0.000023,0.000023,0.000068
8,0.000752,0.001062,0.000490,0.000657,0.000688,0.000760,0.000886,0.000754,0.000760,0.000771,0.000690,0.000501,0.000488,0.000604,0.000610,0.000321,0.000613,0.000756,0.000576,0.000459,0.000655,0.000641,0.000592,0.000528,0.000485,0.000534,0.000658,0.000367,0.000397,0.000252,0.000410,0.000400,0.000283,0.000299,0.000298,0.000298,0.000245,0.000320,0.000260,0.000181,0.000128,0.000405,0.000099,0.000419,0.000316,0.000212,0.000138,0.000136,0.000067,0.000199,0.000091,0.000141,0.000119,0.000071,0.000119,0.000073,0.000099,0.000126,0.000179,0.000051,0.000026,0.000154,0.000125,0.000099,0.000049,0.000118,0.000070,0.000092,0.000023
9,0.000808,0.000425,0.000698,0.001047,0.000792,0.000594,0.000689,0.000535,0.000706,0.000523,0.000314,0.000330,0.000612,0.000531,0.000468,0.000435,0.000491,0.000548,0.000503,0.000534,0.000739,0.000366,0.000452,0.000463,0.000340,0.000370,0.000441,0.000394,0.000368,0.000463,0.000367,0.000289,0.000175,0.000438,0.000136,0.000162,0.000108,0.000136,0.000159,0.000103,0.000255,0.000328,0.000175,0.000220,0.000219,0.000145,0.000187,0.000092,0.000181,0.000089,0.000088,0.000296,0.000047,0.000118,0.000094,0.000071,0.000170,0.000123,0.000149,0.000126,0.000102,0.000153,0.000051,0.000050,0.000098,0.000024,0.000070,0.000069,0.000068
10,0.000460,0.000511,0.000548,0.000527,0.000441,0.000631,0.000775,0.000643,0.000605,0.000400,0.000618,0.000616,0.000529,0.000582,0.000528,0.000601,0.000326,0.000575,0.000567,0.000501,0.000349,0.000539,0.000443,0.000395,0.000296,0.000322,0.000432,0.000363,0.000333,0.000238,0.000198,0.000274,0.000240,0.000324,0.000283,0.000190,0.000270,0.000269,0.000188,0.000211,0.000307,0.000202,0.000175,0.000173,0.000218,0.000121,0.000144,0.000187,0.000092,0.000045,0.000244,0.000044,0.000159,0.000116,0.000047,0.000141,0.000141,0.000072,0.000049,0.000123,0.000025,0.000101,0.000000,0.000050,0.000098,0.000073,0.000024,0.000046,0.000138
11,0.000865,0.000799,0.000353,0.000582,0.000585,0.000541,0.000364,0.000732,0.000483,0.000396,0.000543,0.000441,0.000456,0.000406,0.000347,0.000367,0.000444,0.000519,0.000488,0.000335,0.000542,0.000616,0.000399,0.000384,0.000507,0.000316,0.000229,0.000336,0.000384,0.000395,0.000432,0.000285,0.000251,0.000264,0.000274,0.000231,0.000270,0.000188,0.000294,0.000213,0.000182,0.000152,0.000199,0.000172,0.000171,0.000096,0.000072,0.000072,0.000116,0.000228,0.000223,0.000133,0.000110,0.000090,0.000116,0.000093,0.000070,0.000117,0.000072,0.000072,0.000048,0.000170,0.000101,0.000050,0.000125,0.000024,0.000072,0.000071,0.000092
12,0.000642,0.000833,0.000799,0.000621,0.000552,0.000507,0.000535,0.000474,0.000502,0.000482,0.000372,0.000508,0.000380,0.000399,0.000490,0.000553,0.000390,0.000376,0.000560,0.000360,0.000293,0.000479,0.000390,0.000259,0.000441,0.000301,0.000429,0.000441,0.000534,0.000323,0.000414,0.000301,0.000219,0.000319,0.000168,0.000398,0.000307,0.000134,0.000133,0.000185,0.000158,0.000385,0.000149,0.000197,0.000268,0.000218,0.000143,0.000239,0.000143,0.000116,0.000136,0.000112,0.000089,0.000109,0.000112,0.000115,0.000000,0.000046,0.000093,0.000142,0.000048,0.000119,0.000072,0.000075,0.000050,0.000050,0.000048,0.000048,0.000047
13,0.000583,0.000737,0.000639,0.000671,0.000615,0.000447,0.000335,0.000532,0.000585,0.000502,0.000483,0.000455,0.000490,0.000414,0.000349,0.000555,0.000391,0.000526,0.000441,0.000688,0.000465,0.000272,0.000500,0.000430,0.000438,0.000250,0.000170,0.000412,0.000365,0.000395,0.000161,0.000289,0.000171,0.000284,0.000318,0.000358,0.000223,0.000178,0.000293,0.000290,0.000235,0.000234,0.000304,0.000147,0.000243,0.000338,0.000096,0.000166,0.000238,0.000142,0.000138,0.000135,0.000111,0.000154,0.000174,0.000156,0.000069,0.000092,0.000184,0.000046,0.000141,0.000071,0.000047,0.000048,0.000049,0.000098,0.000098,0.000048,0.000095
14,0.000553,0.000582,0.000829,0.000475,0.000724,0.000583,0.000667,0.000478,0.000555,0.000517,0.000569,0.000447,0.000480,0.000564,0.000430,0.000457,0.000421,0.000459,0.000387,0.000638,0.000472,0.000528,0.000438,0.000374,0.000368,0.000478,0.000212,0.000323,0.000413,0.000268,0.000236,0.000361,0.000309,0.000343,0.000196,0.000227,0.000310,0.000148,0.000354,0.000423,0.000209,0.000233,0.000180,0.000200,0.000219,0.000168,0.000216,0.000168,0.000236,0.000071,0.000188,0.000161,0.000112,0.000155,0.000131,0.000065,0.000200,0.000114,0.000092,0.000205,0.000137,0.000093,0.000141,0.000117,0.000071,0.000147,0.000097,0.000122,0.000095
15,0.000820,0.000746,0.000578,0.000758,0.000501,0.000656,0.001057,0.000668,0.000549,0.000669,0.000449,0.000443,0.000578,0.000487,0.000578,0.000450,0.000499,0.000463,0.000594,0.000591,0.000483,0.000750,0.000507,0.000688,0.000395,0.000513,0.000460,0.000561,0.000512,0.000562,0.000382,0.000431,0.000521,0.000536,0.000363,0.000544,0.000452,0.000261,0.000393,0.000376,0.000209,0.000362,0.000308,0.000177,0.000419,0.000289,0.000215,0.000143,0.000333,0.000352,0.000305,0.000281,0.000206,0.000268,0.000154,0.000260,0.000258,0.000110,0.000113,0.000091,0.000090,0.000113,0.000116,0.000116,0.000069,0.000094,0.000145,0.000072,0.000097
16,0.000701,0.000817,0.000643,0.000893,0.000725,0.000565,0.000809,0.000789,0.000609,0.000700,0.000528,0.000524,0.000737,0.000809,0.000583,0.000492,0.000621,0.000582,0.000570,0.000569,0.000607,0.000741,0.000835,0.000632,0.000876,0.000772,0.000639,0.000541,0.000676,0.000435,0.000372,0.000475,0.000391,0.000400,0.000556,0.000383,0.000433,0.000494,0.000399,0.000388,0.000395,0.000308,0.000433,0.000176,0.000275,0.000561,0.000191,0.000380,0.000474,0.000638,0.000279,0.000352,0.000210,0.000249,0.000199,0.000175,0.000216,0.000299,0.000327,0.000134,0.000135,0.000135,0.000225,0.000184,0.000115,0.000183,0.000139,0.000096,0.000167
17,0.001173,0.000940,0.000936,0.000832,0.000730,0.001033,0.000806,0.000767,0.000776,0.000837,0.000936,0.000966,0.000889,0.000812,0.000837,0.000813,0.000942,0.000809,0.000641,0.000740,0.001105,0.000939,0.000848,0.000747,0.000781,0.000943,0.000672,0.000724,0.000620,0.000539,0.000640,0.000778,0.000738,0.000664,0.000519,0.000757,0.000656,0.000687,0.000577,0.000533,0.000524,0.000511,0.000557,0.000676,0.000373,0.000421,0.000581,0.000522,0.000473,0.000188,0.000235,0.000511,0.000327,0.000255,0.000494,0.000286,0.000238,0.000299,0.000360,0.000195,0.000333,0.000179,0.000201,0.000334,0.000341,0.000320,0.000090,0.000206,0.000284
18,0.001188,0.001199,0.001357,0.000900,0.001305,0.001040,0.001084,0.001466,0.001073,0.000788,0.001074,0.001181,0.001103,0.000874,0.000835,0.000939,0.001024,0.000918,0.000655,0.000975,0.000781,0.001332,0.000936,0.000995,0.000854,0.000890,0.000929,0.000801,0.000827,0.000858,0.000920,0.001013,0.000943,0.001041,0.000701,0.000874,0.000956,0.000882,0.000744,0.000725,0.001030,0.000730,0.000744,0.000723,0.000718,0.000961,0.000368,0.000482,0.000519,0.000657,0.000585,0.000539,0.000371,0.000487,0.000529,0.000536,0.000394,0.000409,0.000382,0.000483,0.000473,0.000419,0.000378,0.000243,0.000287,0.000225,0.000224,0.000243,0.000384
19,0.001227,0.001547,0.001775,0.001412,0.001669,0.001328,0.001528,0.001587,0.001172,0.001568,0.001335,0.001448,0.001621,0.001322,0.001227,0.001113,0.001230,0.001355,0.001337,0.001007,0.001602,0.001428,0.001599,0.001463,0.001860,0.001611,0.001540,0.001359,0.001056,0.001405,0.001510,0.001088,0.001141,0.001534,0.001551,0.001260,0.001499,0.001091,0.001062,0.001349,0.001284,0.001250,0.000840,0.000948,0.000914,0.000933,0.000954,0.000930,0.000744,0.000586,0.000746,0.000677,0.000514,0.000826,0.000575,0.000617,0.000644,0.000477,0.000469,0.000714,0.000416,0.000382,0.000608,0.000437,0.000412,0.000390,0.000240,0.000457,0.000412
20,0.001532,0.001850,0.001360,0.001465,0.001647,0.001783,0.001535,0.001662,0.002134,0.002127,0.001339,0.001994,0.001735,0.001570,0.001690,0.001128,0.001615,0.001676,0.001596,0.001626,0.001877,0.001700,0.002001,0.001752,0.001818,0.001527,0.001586,0.001831,0.001772,0.001546,0.001774,0.001644,0.001773,0.001481,0.001333,0.001643,0.001432,0.001476,0.001533,0.001395,0.001643,0.001479,0.001112,0.001024,0.000827,0.001207,0.001031,0.000906,0.001003,0.000765,0.000862,0.000884,0.001071,0.000927,0.000865,0.000616,0.000726,0.000726,0.000621,0.000610,0.000414,0.000552,0.000438,0.000490,0.000385,0.000551,0.000333,0.000400,0.000405
21,0.001398,0.001541,0.001587,0.001606,0.001564,0.001481,0.001884,0.001922,0.001874,0.001891,0.001703,0.002125,0.001626,0.001439,0.001652,0.001230,0.001169,0.001682,0.001439,0.001918,0.002115,0.002206,0.002029,0.001694,0.001780,0.002017,0.001835,0.001798,0.001518,0.001757,0.002033,0.001893,0.001720,0.001987,0.001146,0.001073,0.001281,0.001390,0.001415,0.001549,0.001367,0.001718,0.001579,0.001580,0.001369,0.001296,0.000786,0.000833,0.000976,0.000874,0.001161,0.000975,0.000809,0.001128,0.000849,0.000722,0.000565,0.000695,0.000605,0.000442,0.000372,0.000550,0.000585,0.000308,0.000398,0.000484,0.000311,0.000409,0.000543
22,0.001569,0.001882,0.001907,0.001810,0.001717,0.002454,0.001829,0.001604,0.001806,0.001812,0.001866,0.001545,0.001670,0.001660,0.001510,0.001508,0.001251,0.001389,0.001403,0.001885,0.001674,0.001823,0.002198,0.001615,0.001923,0.002115,0.001700,0.001804,0.001763,0.001804,0.001477,0.001855,0.001862,0.001857,0.001967,0.001332,0.001662,0.001729,0.001638,0.001411,0.001541,0.001710,0.001608,0.001511,0.001440,0.000971,0.001059,0.001476,0.001027,0.000923,0.001088,0.001019,0.001063,0.000709,0.000797,0.000930,0.000425,0.000647,0.000571,0.000701,0.000392,0.000446,0.000381,0.000556,0.000344,0.000618,0.000349,0.000528,0.000547
23,0.002020,0.001821,0.001527,0.001871,0.001694,0.001629,0.001998,0.002193,0.001978,0.001477,0.001810,0.002028,0.001897,0.001690,0.001614,0.001046,0.001647,0.001829,0.001252,0.001188,0.001895,0.001564,0.001572,0.001716,0.001817,0.001535,0.001806,0.001858,0.001779,0.001758,0.001619,0.001781,0.001899,0.002055,0.001357,0.001349,0.001550,0.001618,0.001591,0.001670,0.001304,0.001648,0.001760,0.001392,0.001998,0.001547,0.001364,0.000990,0.001178,0.001070,0.001159,0.000908,0.000840,0.000868,0.000656,0.000901,0.000696,0.000815,0.000480,0.000668,0.000499,0.000686,0.000378,0.000472,0.000389,0.000475,0.000441,0.000482,0.000401
24,0.002077,0.001671,0.002048,0.001582,0.002001,0.001880,0.001789,0.001668,0.001898,0.001338,0.001975,0.001748,0.001317,0.001338,0.001530,0.001258,0.001549,0.001549,0.001313,0.001453,0.001643,0.001592,0.001766,0.001239,0.001794,0.001539,0.001472,0.001894,0.001850,0.001502,0.001915,0.002091,0.001654,0.001636,0.001639,0.001604,0.001699,0.001614,0.001626,0.001617,0.001690,0.001732,0.001572,0.001543,0.001342,0.001516,0.001475,0.001430,0.001197,0.000976,0.000795,0.000831,0.000843,0.000873,0.000698,0.000757,0.000644,0.000837,0.000705,0.000637,0.000543,0.000623,0.000414,0.000330,0.000326,0.000474,0.000364,0.000429,0.000375
25,0.001748,0.002056,0.001990,0.001666,0.001887,0.001669,0.001686,0.002052,0.001721,0.001633,0.001448,0.001686,0.001449,0.001468,0.001273,0.001235,0.001152,0.001172,0.001461,0.001345,0.001227,0.001335,0.001141,0.001711,0.001557,0.001270,0.001349,0.001430,0.001320,0.001683,0.001555,0.001893,0.001598,0.001554,0.001540,0.001504,0.001260,0.001665,0.001342,0.001715,0.001794,0.001863,0.001741,0.001688,0.001646,0.001168,0.001489,0.001224,0.001259,0.001162,0.000939,0.000823,0.000624,0.000895,0.000744,0.000686,0.000789,0.000652,0.000597,0.000746,0.000368,0.000362,0.000469,0.000478,0.000396,0.000484,0.000679,0.000373,0.000306
26,0.002094,0.001879,0.001732,0.001438,0.001351,0.001883,0.001839,0.002077,0.001676,0.001562,0.001531,0.001481,0.001412,0.001476,0.001488,0.001450,0.001277,0.001533,0.001403,0.001469,0.001262,0.001550,0.001197,0.001428,0.001291,0.001497,0.001276,0.001747,0.001335,0.001379,0.001399,0.001424,0.001396,0.001849,0.001436,0.001624,0.001605,0.001397,0.001663,0.001757,0.001363,0.001783,0.001528,0.001693,0.001646,0.001273,0.001244,0.000931,0.001037,0.001019,0.001100,0.000889,0.000753,0.000589,0.000945,0.000465,0.000740,0.000641,0.000817,0.000475,0.000497,0.000588,0.000468,0.000531,0.000520,0.000531,0.000487,0.000518,0.000420
27,0.001711,0.001870,0.002105,0.001841,0.001351,0.001552,0.001620,0.001894,0.001603,0.001837,0.001422,0.001758,0.001596,0.001405,0.001379,0.001365,0.001285,0.001062,0.001243,0.001357,0.001329,0.001241,0.001397,0.001116,0.001080,0.001310,0.001524,0.001447,0.001456,0.001549,0.001298,0.001137,0.001355,0.001418,0.001355,0.001578,0.001221,0.001327,0.001450,0.001961,0.001521,0.001646,0.001596,0.001641,0.001556,0.001339,0.001282,0.001238,0.001195,0.000936,0.001069,0.000755,0.000724,0.000736,0.000886,0.000618,0.000956,0.000592,0.000596,0.000809,0.000376,0.000382,0.000324,0.000415,0.000514,0.000486,0.000496,0.000315,0.000401
28,0.002120,0.001868,0.001865,0.001585,0.001774,0.001524,0.001946,0.001304,0.001687,0.001426,0.001446,0.001445,0.001437,0.001404,0.001436,0.001277,0.001243,0.001309,0.001021,0.001121,0.001078,0.001153,0.001188,0.001207,0.001197,0.001081,0.001258,0.001217,0.001383,0.001321,0.001470,0.001343,0.001543,0.001376,0.001667,0.001456,0.001452,0.001513,0.001610,0.001733,0.001891,0.001811,0.001717,0.001294,0.001859,0.001227,0.001216,0.000765,0.001145,0.001281,0.001241,0.000711,0.001288,0.000708,0.000851,0.000716,0.000583,0.000841,0.000708,0.000573,0.000656,0.000340,0.000444,0.000590,0.000438,0.000533,0.000523,0.000379,0.000394
29,0.001901,0.001871,0.001835,0.001775,0.002138,0.001606,0.001369,0.001567,0.001681,0.001664,0.001289,0.001332,0.001395,0.001511,0.001532,0.001240,0.001553,0.001250,0.001379,0.001541,0.001285,0.001050,0.001296,0.001171,0.000957,0.001087,0.001149,0.000922,0.001176,0.001571,0.001398,0.001212,0.001363,0.001247,0.001235,0.001074,0.001274,0.001584,0.001661,0.001597,0.001994,0.001671,0.001508,0.001340,0.001591,0.001229,0.001109,0.001004,0.001049,0.000952,0.000854,0.000871,0.000855,0.000672,0.000715,0.000727,0.000702,0.000713,0.000504,0.000604,0.000511,0.000537,0.000368,0.000612,0.000465,0.000478,0.000448,0.000424,0.000354
30,0.001698,0.002137,0.001895,0.001386,0.001682,0.001446,0.001700,0.001622,0.001680,0.001295,0.001389,0.001268,0.001288,0.001205,0.001427,0.001622,0.001590,0.001303,0.001056,0.001251,0.001303,0.000991,0.001355,0.001359,0.001125,0.001239,0.001063,0.001215,0.001264,0.001151,0.001076,0.001339,0.001320,0.001131,0.001378,0.001056,0.000938,0.000998,0.001556,0.001344,0.001466,0.001463,0.001495,0.001401,0.001368,0.001257,0.001083,0.001050,0.000978,0.001035,0.001054,0.000733,0.000889,0.000983,0.000577,0.000468,0.000672,0.000579,0.000544,0.000545,0.000431,0.000511,0.000596,0.000538,0.000437,0.000452,0.000396,0.000571,0.000566
31,0.001918,0.002509,0.001800,0.001777,0.001622,0.002035,0.001823,0.001608,0.001842,0.001374,0.001315,0.001366,0.001609,0.001650,0.001343,0.001330,0.001664,0.001058,0.001240,0.001460,0.001559,0.000952,0.001131,0.001233,0.001164,0.001225,0.001297,0.001211,0.001102,0.001481,0.001144,0.001296,0.001023,0.001220,0.001310,0.001196,0.001161,0.001199,0.001424,0.001792,0.001847,0.001702,0.001746,0.001847,0.001590,0.001241,0.001314,0.001164,0.001204,0.000858,0.000888,0.000984,0.000845,0.000794,0.000664,0.000588,0.000753,0.000491,0.000518,0.000448,0.000525,0.000668,0.000552,0.000440,0.000489,0.000359,0.000340,0.000355,0.000347
32,0.002233,0.002636,0.001570,0.002015,0.001595,0.002002,0.001814,0.001747,0.001841,0.001513,0.001869,0.001631,0.001834,0.001594,0.001466,0.001096,0.001350,0.001863,0.001234,0.001043,0.001550,0.001334,0.001061,0.001048,0.001019,0.001136,0.000978,0.001160,0.001312,0.001198,0.001136,0.001318,0.001344,0.001246,0.001106,0.001130,0.001323,0.001599,0.001221,0.001630,0.001643,0.001786,0.001691,0.001974,0.001407,0.001432,0.001283,0.001195,0.000835,0.001035,0.001063,0.001126,0.000977,0.000565,0.000897,0.000595,0.000499,0.000856,0.000673,0.000659,0.000569,0.000456,0.000549,0.000592,0.000378,0.000529,0.000568,0.000484,0.000399
33,0.002185,0.002325,0.001754,0.002204,0.001725,0.001722,0.001784,0.001569,0.001615,0.001379,0.002091,0.001665,0.001927,0.001364,0.001484,0.001314,0.001458,0.001550,0.001064,0.001479,0.001224,0.001158,0.001469,0.001257,0.001027,0.001203,0.000983,0.001533,0.001072,0.001390,0.001154,0.001267,0.001328,0.001336,0.001238,0.001034,0.001033,0.001525,0.001419,0.001372,0.001688,0.001737,0.001570,0.001432,0.001458,0.001606,0.001330,0.000774,0.001305,0.000964,0.001007,0.000897,0.000971,0.001072,0.000929,0.000790,0.000704,0.000663,0.000731,0.000635,0.000492,0.000631,0.000376,0.000277,0.000528,0.000572,0.000436,0.000510,0.000461
34,0.002043,0.002276,0.001975,0.001857,0.001857,0.001874,0.001366,0.001706,0.001827,0.001872,0.001738,0.001781,0.001537,0.001860,0.001810,0.001832,0.001337,0.001547,0.001448,0.001633,0.001638,0.001273,0.001319,0.001057,0.001217,0.001078,0.001384,0.001270,0.001269,0.001534,0.001234,0.001129,0.001337,0.001080,0.001185,0.001020,0.001167,0.001164,0.001268,0.001667,0.001442,0.001827,0.002089,0.001605,0.001925,0.001795,0.001489,0.001630,0.001055,0.000973,0.001074,0.000850,0.000790,0.000780,0.000539,0.000680,0.000837,0.000383,0.000682,0.000617,0.000585,0.000501,0.000546,0.000736,0.000662,0.000502,0.000364,0.000579,0.000455
35,0.001958,0.002295,0.002155,0.002092,0.002015,0.002142,0.002068,0.001707,0.001957,0.001560,0.001840,0.001702,0.001541,0.001979,0.001620,0.001682,0.001529,0.001602,0.001346,0.001509,0.001536,0.001271,0.001530,0.001168,0.001348,0.001275,0.001223,0.001263,0.001496,0.001626,0.001265,0.001326,0.001105,0.001038,0.001275,0.001199,0.001156,0.001460,0.001577,0.001684,0.001453,0.001777,0.001618,0.001774,0.001608,0.001461,0.001561,0.001312,0.001263,0.000893,0.000871,0.000958,0.000951,0.000951,0.000614,0.000942,0.000873,0.000579,0.000766,0.000704,0.000627,0.000539,0.000693,0.000644,0.000621,0.000518,0.000528,0.000654,0.000459
36,0.002483,0.002178,0.002019,0.002208,0.001851,0.001926,0.001633,0.001642,0.002431,0.002033,0.001929,0.002121,0.001957,0.001882,0.001703,0.001669,0.001178,0.001723,0.001619,0.002105,0.001506,0.001265,0.001765,0.001263,0.001286,0.001009,0.001394,0.001409,0.001273,0.001265,0.001783,0.001436,0.001630,0.001414,0.001057,0.001310,0.001071,0.001476,0.001448,0.001520,0.001603,0.001722,0.001623,0.001623,0.001729,0.001551,0.001324,0.001232,0.000911,0.001070,0.001029,0.001069,0.001027,0.000842,0.001027,0.001079,0.000775,0.000806,0.000823,0.000862,0.000423,0.000734,0.000696,0.000682,0.000510,0.000441,0.000543,0.000554,0.000567
37,0.002498,0.002596,0.002547,0.002776,0.002158,0.001746,0.001727,0.002219,0.001730,0.001919,0.001596,0.001336,0.001674,0.001994,0.002037,0.001488,0.001744,0.001474,0.001368,0.001785,0.001382,0.001691,0.001434,0.001402,0.001568,0.001416,0.001580,0.001415,0.001653,0.001278,0.001641,0.001194,0.001110,0.001649,0.001471,0.001523,0.001542,0.001709,0.001648,0.001435,0.002056,0.001582,0.001613,0.001327,0.001774,0.001501,0.001603,0.001276,0.001021,0.001007,0.001068,0.001397,0.000932,0.001180,0.001247,0.000936,0.000967,0.000765,0.000825,0.001061,0.000728,0.000782,0.000499,0.000431,0.000458,0.000727,0.000586,0.000538,0.000452
38,0.003028,0.002433,0.002578,0.002365,0.002465,0.002180,0.002487,0.002354,0.002114,0.002376,0.002147,0.002120,0.002189,0.002460,0.002202,0.001682,0.001963,0.002046,0.002165,0.001859,0.001900,0.001884,0.001631,0.001629,0.001571,0.001729,0.001332,0.001141,0.001889,0.001617,0.001463,0.001463,0.001311,0.001493,0.001785,0.001160,0.001557,0.001752,0.001599,0.001394,0.001501,0.001602,0.001796,0.001643,0.001859,0.001912,0.001381,0.001230,0.001044,0.001087,0.001180,0.001046,0.001015,0.001097,0.001124,0.001126,0.000847,0.000682,0.000973,0.000760,0.000838,0.000811,0.000860,0.000601,0.000832,0.000678,0.000548,0.000697,0.000648
39,0.003046,0.003505,0.002649,0.002377,0.002727,0.002200,0.002114,0.002391,0.002414,0.002731,0.002136,0.001913,0.002652,0.002113,0.002503,0.002200,0.001842,0.001904,0.002014,0.002011,0.001801,0.002119,0.002182,0.001851,0.001638,0.001613,0.001788,0.001901,0.002095,0.001667,0.001748,0.001422,0.001720,0.001702,0.001973,0.001786,0.001776,0.001592,0.001470,0.001670,0.001343,0.001313,0.002158,0.001734,0.001658,0.001877,0.001723,0.001316,0.001304,0.001180,0.001497,0.001049,0.001288,0.001070,0.000967,0.001166,0.000925,0.001018,0.000922,0.001009,0.000823,0.000655,0.000872,0.000849,0.000664,0.000629,0.000637,0.000866,0.000958
40,0.002760,0.003213,0.002550,0.002773,0.002210,0.002653,0.002869,0.002733,0.002460,0.002391,0.002218,0.002357,0.002904,0.002878,0.001854,0.002446,0.002388,0.002539,0.002267,0.002825,0.002592,0.002488,0.001811,0.002098,0.001674,0.002151,0.001691,0.001937,0.001703,0.001774,0.001903,0.001835,0.001605,0.001682,0.001684,0.001918,0.001729,0.001484,0.001607,0.001620,0.001759,0.001533,0.001776,0.001727,0.001638,0.001698,0.001956,0.001624,0.001564,0.001116,0.001247,0.001348,0.001552,0.001389,0.001339,0.000977,0.001239,0.000948,0.000776,0.000893,0.000852,0.000903,0.000787,0.000756,0.001046,0.000815,0.000778,0.000700,0.000912
41,0.002713,0.003313,0.003382,0.002675,0.002432,0.002750,0.002988,0.002645,0.002827,0.002573,0.002969,0.002899,0.002858,0.002990,0.003252,0.002710,0.002417,0.002517,0.002208,0.002367,0.002614,0.002990,0.002129,0.002016,0.001960,0.002112,0.002018,0.002083,0.002050,0.001903,0.002064,0.002208,0.002091,0.001973,0.001605,0.001469,0.001899,0.002285,0.001617,0.001699,0.002119,0.001929,0.002046,0.002124,0.002385,0.001942,0.001520,0.001570,0.001650,0.001707,0.001546,0.001413,0.001572,0.001119,0.001261,0.001198,0.001066,0.001244,0.000902,0.001117,0.000904,0.000929,0.001146,0.000968,0.000936,0.000706,0.000720,0.000567,0.000849
42,0.003791,0.003465,0.003410,0.003890,0.003638,0.003176,0.003405,0.003117,0.003369,0.002659,0.002276,0.003103,0.002766,0.002781,0.002783,0.002590,0.002930,0.002795,0.002483,0.002794,0.002589,0.002232,0.002509,0.002388,0.002418,0.002443,0.002384,0.002167,0.002274,0.001765,0.002536,0.001663,0.002373,0.002053,0.001796,0.002185,0.002002,0.002189,0.001920,0.001788,0.002118,0.002694,0.001828,0.001729,0.002457,0.001689,0.002328,0.001712,0.002029,0.001547,0.001535,0.001671,0.001565,0.001208,0.001414,0.001088,0.001345,0.001394,0.001227,0.001064,0.001317,0.001192,0.001034,0.001248,0.000802,0.000875,0.000905,0.000873,0.000872
43,0.004025,0.003489,0.003910,0.004063,0.003144,0.003422,0.003095,0.003313,0.003347,0.002777,0.003304,0.003068,0.003340,0.003714,0.003073,0.003144,0.003115,0.002483,0.002814,0.002801,0.002991,0.003183,0.002625,0.002420,0.002945,0.002638,0.002280,0.002534,0.002530,0.002011,0.002039,0.002394,0.002187,0.002050,0.002316,0.002005,0.001969,0.001924,0.002224,0.002204,0.002053,0.002850,0.002252,0.002204,0.001792,0.002541,0.001853,0.001674,0.001959,0.001672,0.001855,0.001762,0.001597,0.001426,0.001482,0.001520,0.001221,0.001275,0.001137,0.001324,0.001571,0.001024,0.001115,0.001039,0.001118,0.000962,0.001209,0.000986,0.001095
44,0.003751,0.004155,0.003504,0.003466,0.004286,0.003453,0.003578,0.003987,0.003907,0.003582,0.003815,0.003223,0.003719,0.003583,0.004149,0.003240,0.003285,0.002889,0.003274,0.003135,0.003127,0.002983,0.003465,0.003229,0.002532,0.003225,0.002628,0.002938,0.002507,0.002839,0.002991,0.002558,0.002395,0.002549,0.002641,0.002474,0.002482,0.002192,0.002337,0.002493,0.002147,0.002534,0.002623,0.002527,0.002030,0.002075,0.001903,0.002177,0.001893,0.001984,0.002039,0.002104,0.001636,0.001867,0.001758,0.001822,0.001314,0.001304,0.001380,0.001200,0.001437,0.001360,0.001281,0.001184,0.001413,0.001336,0.000921,0.000898,0.001015
45,0.004843,0.004501,0.004147,0.004418,0.004241,0.004074,0.004088,0.003383,0.004113,0.004133,0.004011,0.003562,0.003683,0.004106,0.003694,0.003963,0.003463,0.003808,0.003542,0.002994,0.003409,0.003462,0.003967,0.003195,0.003116,0.003010,0.003345,0.003118,0.003040,0.002940,0.003025,0.002498,0.003302,0.002620,0.002678,0.002321,0.002589,0.002466,0.002811,0.002516,0.002629,0.002741,0.002941,0.002493,0.002746,0.002668,0.002264,0.002546,0.002227,0.002245,0.002084,0.001604,0.001796,0.001892,0.001760,0.001973,0.001802,0.001633,0.001593,0.001722,0.001431,0.001153,0.001319,0.001440,0.001173,0.001211,0.001182,0.001519,0.001215
46,0.004711,0.005006,0.005272,0.004341,0.004742,0.004584,0.004408,0.004209,0.004198,0.004088,0.003965,0.003787,0.004552,0.004762,0.004202,0.004440,0.004025,0.004283,0.003552,0.004087,0.003925,0.003663,0.003884,0.003559,0.003344,0.003506,0.003101,0.003305,0.003606,0.003156,0.003320,0.003210,0.003007,0.002748,0.002974,0.002951,0.002891,0.002442,0.002735,0.002374,0.002637,0.002922,0.003001,0.002566,0.002636,0.002676,0.002443,0.002339,0.002282,0.001959,0.002021,0.002920,0.002000,0.002381,0.002549,0.002151,0.001687,0.001406,0.001680,0.001789,0.001592,0.001865,0.001554,0.001660,0.001183,0.001181,0.001141,0.001614,0.001483
47,0.005958,0.005735,0.004427,0.004937,0.004940,0.005509,0.005151,0.005529,0.004637,0.004737,0.004510,0.004304,0.004996,0.004812,0.004221,0.003979,0.004477,0.003640,0.004141,0.004131,0.004577,0.004457,0.003329,0.003393,0.003957,0.004742,0.004029,0.004071,0.003981,0.003627,0.003654,0.003578,0.003694,0.003094,0.003533,0.003209,0.002718,0.002873,0.002986,0.002573,0.003376,0.003333,0.002644,0.002916,0.003081,0.002687,0.002591,0.002815,0.002247,0.002428,0.002263,0.002429,0.002380,0.001854,0.002275,0.001960,0.002166,0.001746,0.002034,0.001805,0.001823,0.001787,0.001547,0.001857,0.001359,0.001893,0.001411,0.001265,0.001531
48,0.006297,0.005612,0.005793,0.006675,0.005495,0.005574,0.005623,0.005206,0.005529,0.004925,0.005712,0.005222,0.005167,0.006313,0.004884,0.004915,0.004492,0.004593,0.004881,0.005458,0.004292,0.004863,0.004539,0.005081,0.003928,0.004348,0.004503,0.004315,0.003764,0.003874,0.003595,0.004134,0.003939,0.004464,0.002984,0.003851,0.003421,0.003282,0.003685,0.003494,0.003075,0.003531,0.003071,0.003139,0.003257,0.003346,0.002877,0.003242,0.002773,0.003130,0.002716,0.002728,0.002873,0.002525,0.002599,0.002598,0.002532,0.002176,0.002098,0.001927,0.002042,0.001831,0.001810,0.001715,0.001725,0.001471,0.001901,0.001470,0.001580
49,0.007001,0.007564,0.006522,0.006631,0.006350,0.005582,0.006985,0.005802,0.005355,0.005796,0.005536,0.005259,0.006025,0.005209,0.005372,0.005606,0.005687,0.004867,0.005512,0.005608,0.005152,0.005052,0.004701,0.005101,0.004508,0.005086,0.005041,0.004854,0.004486,0.004318,0.004000,0.004261,0.004536,0.004357,0.003353,0.003479,0.004043,0.003608,0.003052,0.004195,0.003288,0.003974,0.003568,0.003766,0.003486,0.003605,0.003426,0.003353,0.003185,0.003027,0.003242,0.002701,0.002506,0.002275,0.002453,0.002709,0.002528,0.002528,0.002741,0.002218,0.002314,0.002397,0.001765,0.002248,0.001852,0.001777,0.001483,0.002004,0.001844
50,0.006973,0.007400,0.006437,0.007292,0.006145,0.006720,0.006639,0.007447,0.006048,0.006329,0.006310,0.006519,0.006589,0.006457,0.006279,0.006224,0.005866,0.005735,0.006524,0.005468,0.006319,0.006367,0.005670,0.004955,0.005047,0.005075,0.005702,0.004816,0.005085,0.004321,0.004152,0.004703,0.005015,0.004612,0.004954,0.003951,0.003978,0.004136,0.003822,0.003501,0.003735,0.003825,0.003748,0.003877,0.004049,0.003897,0.003374,0.003907,0.003536,0.003041,0.003344,0.003417,0.003527,0.003007,0.002528,0.002679,0.002095,0.002598,0.002450,0.002664,0.002326,0.002213,0.002043,0.001729,0.002053,0.002356,0.001612,0.001977,0.001762
51,0.007717,0.008719,0.007276,0.007576,0.007617,0.007639,0.006916,0.007928,0.006963,0.007200,0.006081,0.006635,0.007001,0.006766,0.005923,0.005595,0.007485,0.006497,0.007165,0.006274,0.006587,0.006195,0.005968,0.006163,0.006253,0.005149,0.005362,0.006070,0.006041,0.006039,0.005434,0.005159,0.005231,0.004883,0.004874,0.005161,0.004685,0.004615,0.003902,0.004383,0.003859,0.004239,0.004163,0.004046,0.003758,0.004217,0.003827,0.003857,0.003756,0.003258,0.003704,0.003154,0.003076,0.003034,0.003553,0.003034,0.002645,0.003427,0.003125,0.002528,0.002774,0.002679,0.002760,0.002188,0.002877,0.002564,0.002500,0.002234,0.001889
52,0.009247,0.009065,0.007905,0.009042,0.009174,0.008247,0.008079,0.008627,0.007882,0.008608,0.007544,0.007281,0.007424,0.008606,0.006773,0.006908,0.007720,0.007019,0.008088,0.007231,0.006292,0.006655,0.007255,0.006688,0.006616,0.005523,0.005726,0.006310,0.006389,0.006067,0.005944,0.005821,0.006475,0.005428,0.004864,0.005590,0.005504,0.005158,0.004930,0.005124,0.004609,0.004697,0.004809,0.004507,0.004541,0.004652,0.004151,0.004280,0.004146,0.003977,0.003697,0.003867,0.003863,0.003520,0.003248,0.003788,0.003569,0.003545,0.002836,0.003293,0.002921,0.002537,0.002808,0.002692,0.002634,0.002524,0.002322,0.002417,0.002327
53,0.011212,0.009860,0.009999,0.009801,0.009214,0.009805,0.009995,0.009160,0.009804,0.007989,0.009158,0.008809,0.008564,0.008987,0.008849,0.007383,0.008035,0.007515,0.007623,0.008606,0.008021,0.007141,0.007531,0.007321,0.007390,0.007341,0.008098,0.006963,0.007273,0.006475,0.005971,0.006606,0.005751,0.006204,0.006448,0.006114,0.005821,0.005979,0.005634,0.005305,0.005467,0.005355,0.005124,0.005440,0.005122,0.004853,0.004424,0.004540,0.003851,0.004433,0.004549,0.004239,0.003915,0.004533,0.004012,0.003828,0.003440,0.003093,0.003151,0.003397,0.003115,0.003072,0.003158,0.003180,0.002876,0.002634,0.002775,0.003204,0.002747
54,0.010462,0.011020,0.010318,0.011207,0.010509,0.010553,0.010128,0.009402,0.009133,0.009027,0.009804,0.009643,0.008990,0.008887,0.009580,0.009133,0.008899,0.009330,0.009146,0.009229,0.008981,0.008686,0.008226,0.008547,0.007823,0.008297,0.007969,0.007710,0.007331,0.007396,0.006931,0.007346,0.006740,0.007020,0.006591,0.006046,0.006091,0.006166,0.005717,0.006019,0.005954,0.006143,0.005801,0.004952,0.005418,0.004897,0.005374,0.005291,0.005018,0.005033,0.005318,0.005086,0.004500,0.004644,0.004347,0.004344,0.003764,0.003954,0.003599,0.004271,0.003804,0.003937,0.003386,0.003477,0.003196,0.002925,0.003211,0.002841,0.002926
55,0.011965,0.011829,0.012078,0.012039,0.012030,0.011283,0.011153,0.010349,0.011115,0.011381,0.010638,0.011397,0.011068,0.010417,0.012130,0.009734,0.010782,0.010209,0.009158,0.009630,0.009749,0.009926,0.009916,0.007911,0.008091,0.009764,0.008955,0.008926,0.009008,0.008946,0.008464,0.008818,0.008369,0.007895,0.007121,0.006490,0.007533,0.007217,0.006816,0.005976,0.006548,0.005638,0.005851,0.005930,0.006273,0.006114,0.005361,0.005614,0.005727,0.004875,0.004611,0.005222,0.005158,0.005481,0.004957,0.004601,0.004055,0.004234,0.004245,0.004674,0.003779,0.003942,0.004086,0.003717,0.003178,0.003265,0.003328,0.003499,0.003341
56,0.012686,0.012319,0.013777,0.012615,0.013222,0.012485,0.013252,0.012714,0.011851,0.012410,0.012024,0.012556,0.011058,0.013189,0.011834,0.011066,0.010727,0.010262,0.011150,0.009967,0.010795,0.009971,0.010500,0.010237,0.009714,0.009575,0.009731,0.009449,0.009684,0.009615,0.009542,0.009112,0.009237,0.008345,0.008939,0.008732,0.007392,0.007497,0.007900,0.007619,0.008216,0.007210,0.006768,0.007076,0.006338,0.006321,0.005507,0.006563,0.006338,0.005782,0.005448,0.005739,0.005338,0.005312,0.005458,0.004784,0.004962,0.005299,0.004208,0.004985,0.004753,0.004454,0.004469,0.004326,0.003637,0.004363,0.003524,0.003727,0.003747
57,0.014730,0.015007,0.014160,0.014426,0.013324,0.013225,0.012673,0.014084,0.012477,0.013797,0.011953,0.012595,0.013657,0.012802,0.012544,0.012781,0.013273,0.011372,0.013106,0.013300,0.010889,0.010639,0.011609,0.010184,0.010839,0.011245,0.010087,0.010886,0.010554,0.010256,0.011004,0.010229,0.010653,0.009793,0.009017,0.010052,0.009094,0.009643,0.008422,0.008610,0.007580,0.008389,0.008496,0.007095,0.006520,0.007549,0.007813,0.007248,0.007073,0.006025,0.006530,0.005577,0.005525,0.006247,0.005291,0.005750,0.005698,0.005060,0.004897,0.005104,0.005210,0.004224,0.004982,0.004685,0.004838,0.004394,0.004234,0.004323,0.003752
58,0.016577,0.015793,0.014783,0.014234,0.015071,0.015280,0.013355,0.014675,0.014753,0.013896,0.013921,0.014672,0.016301,0.015924,0.013851,0.013852,0.013388,0.014230,0.013888,0.014004,0.011817,0.013093,0.011926,0.012559,0.010373,0.011670,0.011419,0.011369,0.012048,0.010565,0.011884,0.010996,0.010534,0.010946,0.010380,0.009024,0.009507,0.009393,0.008913,0.009272,0.008852,0.009169,0.009644,0.007790,0.007246,0.008165,0.007476,0.007094,0.007350,0.007172,0.007485,0.006698,0.006947,0.006327,0.006468,0.005627,0.006177,0.006101,0.005571,0.004917,0.005053,0.005407,0.004520,0.005364,0.004687,0.004342,0.004753,0.004332,0.004218
59,0.016823,0.017448,0.015622,0.016552,0.016762,0.015809,0.015644,0.017182,0.016352,0.016661,0.015694,0.015940,0.016737,0.016363,0.015968,0.014713,0.015432,0.014215,0.014141,0.013655,0.015210,0.013521,0.012867,0.012959,0.012939,0.013111,0.012476,0.011735,0.012267,0.012385,0.011900,0.012295,0.012968,0.012084,0.012220,0.011845,0.010747,0.010397,0.011211,0.009883,0.009699,0.010425,0.008957,0.008181,0.008295,0.008479,0.007851,0.008072,0.008253,0.007361,0.007574,0.006923,0.007054,0.007271,0.006706,0.007328,0.006668,0.006404,0.006038,0.006237,0.005785,0.005300,0.005607,0.005765,0.006085,0.005331,0.004465,0.004689,0.004593
60,0.019986,0.019077,0.017229,0.019308,0.018877,0.017637,0.018350,0.018136,0.018276,0.016407,0.017440,0.018231,0.017844,0.018221,0.016418,0.017471,0.016438,0.017044,0.017845,0.016433,0.016982,0.015540,0.014109,0.013253,0.015084,0.014713,0.014082,0.014000,0.013518,0.014656,0.013309,0.013229,0.013525,0.013152,0.012932,0.012785,0.012423,0.011824,0.010837,0.010978,0.010129,0.009422,0.010073,0.009150,0.009596,0.009870,0.008712,0.008615,0.008709,0.008410,0.009090,0.007807,0.007934,0.008237,0.007715,0.007119,0.006959,0.006968,0.007580,0.006717,0.006978,0.006119,0.006244,0.006227,0.005864,0.005748,0.005523,0.005890,0.004894
61,0.020742,0.018894,0.021369,0.018946,0.021028,0.020866,0.019303,0.020676,0.020338,0.020028,0.019042,0.020460,0.019145,0.019523,0.019653,0.018581,0.018272,0.018458,0.018551,0.017826,0.017102,0.016287,0.017371,0.017636,0.014402,0.015028,0.014949,0.014035,0.015194,0.014066,0.015190,0.015760,0.013322,0.015190,0.014248,0.013374,0.013320,0.013641,0.012239,0.012398,0.013139,0.011607,0.012559,0.009652,0.010469,0.010168,0.009567,0.009695,0.009245,0.009461,0.009603,0.008216,0.009225,0.008590,0.008335,0.007855,0.007632,0.007095,0.006850,0.006801,0.007431,0.006708,0.007114,0.006893,0.006617,0.006672,0.005768,0.006041,0.005878
62,0.022316,0.023032,0.020804,0.024411,0.020765,0.023174,0.020863,0.021198,0.020541,0.020259,0.022009,0.021071,0.022059,0.020531,0.022214,0.020063,0.019850,0.019982,0.019883,0.020608,0.018422,0.020213,0.018982,0.017877,0.016621,0.017334,0.016434,0.016257,0.015957,0.016262,0.017728,0.016352,0.014869,0.015500,0.015003,0.015498,0.014184,0.013177,0.014415,0.012943,0.013452,0.013788,0.012240,0.013166,0.011221,0.011914,0.011071,0.010575,0.011764,0.010177,0.010091,0.010456,0.010581,0.010140,0.008814,0.008971,0.008748,0.008952,0.007598,0.008212,0.007696,0.007251,0.007179,0.007982,0.006881,0.007288,0.006609,0.007088,0.006653
63,0.024269,0.026172,0.020599,0.022588,0.023483,0.023150,0.024931,0.024664,0.022613,0.023396,0.023316,0.023657,0.025233,0.025117,0.022955,0.022159,0.020954,0.021632,0.021285,0.021952,0.021649,0.020974,0.020915,0.021297,0.019578,0.019315,0.018828,0.017150,0.019067,0.017825,0.018391,0.017710,0.017679,0.017460,0.017080,0.016157,0.015422,0.016460,0.015219,0.014543,0.016866,0.013223,0.013656,0.013140,0.012800,0.012404,0.011663,0.011211,0.012355,0.011896,0.010745,0.010744,0.010004,0.009874,0.009391,0.009989,0.009655,0.010084,0.009973,0.007631,0.008913,0.008355,0.008708,0.007418,0.007583,0.008789,0.007938,0.007098,0.006995
64,0.027707,0.026711,0.024759,0.028625,0.025467,0.024692,0.024986,0.027034,0.023064,0.024256,0.025654,0.026909,0.025565,0.026255,0.024772,0.026310,0.024039,0.023962,0.022065,0.023909,0.023734,0.023835,0.021932,0.021889,0.022928,0.019849,0.022925,0.020443,0.019873,0.020033,0.020192,0.020307,0.020062,0.019804,0.018925,0.017164,0.017533,0.016645,0.016437,0.015469,0.016279,0.016050,0.015446,0.015133,0.013898,0.015229,0.013427,0.012976,0.013497,0.014159,0.012441,0.011598,0.011941,0.011158,0.010671,0.010560,0.009334,0.010825,0.010146,0.010295,0.009467,0.008915,0.010031,0.008624,0.008887,0.008551,0.007777,0.008536,0.007950
65,0.029680,0.028867,0.026547,0.028847,0.026981,0.027352,0.028576,0.026781,0.026533,0.027229,0.029849,0.027545,0.027750,0.029077,0.026872,0.025860,0.028710,0.026362,0.027990,0.027953,0.025693,0.027241,0.023750,0.025410,0.023307,0.021658,0.023692,0.022291,0.021806,0.022539,0.020480,0.022810,0.020198,0.022297,0.020219,0.021358,0.020911,0.018733,0.021398,0.018984,0.016656,0.017708,0.017233,0.016984,0.014561,0.015832,0.014401,0.015012,0.015759,0.014517,0.013392,0.012569,0.011774,0.011773,0.011653,0.011297,0.010969,0.011063,0.011088,0.010770,0.009814,0.010252,0.010376,0.010556,0.009489,0.010676,0.010057,0.008898,0.009386
66,0.031147,0.031489,0.031845,0.033596,0.032901,0.031161,0.030592,0.029139,0.028237,0.029207,0.030790,0.029264,0.032078,0.033491,0.030146,0.032630,0.030845,0.028805,0.028781,0.029842,0.029309,0.028459,0.027913,0.026424,0.024818,0.026165,0.026188,0.027004,0.024884,0.023700,0.025719,0.025165,0.023973,0.023591,0.020759,0.023128,0.021538,0.021439,0.019779,0.020413,0.019494,0.018694,0.019504,0.018901,0.018175,0.017334,0.016865,0.017145,0.015274,0.014774,0.014737,0.014909,0.013655,0.013378,0.013527,0.013198,0.011881,0.012484,0.011925,0.011605,0.011467,0.011835,0.011380,0.010863,0.011278,0.009600,0.010720,0.009327,0.009957
67,0.034306,0.037496,0.035371,0.035604,0.036198,0.034237,0.033107,0.034477,0.034396,0.029414,0.033455,0.034359,0.033416,0.035827,0.033867,0.033716,0.034001,0.035004,0.033615,0.032621,0.030131,0.031992,0.029388,0.029583,0.030531,0.029948,0.027593,0.029157,0.027645,0.026384,0.027029,0.025768,0.025434,0.026876,0.023645,0.025724,0.024821,0.023310,0.022798,0.022731,0.022957,0.022398,0.021077,0.021107,0.019136,0.020213,0.019175,0.016822,0.016514,0.016476,0.016109,0.017116,0.014674,0.015346,0.014626,0.013733,0.013506,0.013763,0.013681,0.011725,0.012540,0.011377,0.011634,0.011849,0.012018,0.011458,0.011227,0.010771,0.010730
68,0.038996,0.039271,0.037270,0.039377,0.037974,0.037431,0.036612,0.039369,0.035901,0.038052,0.037857,0.035987,0.037170,0.036726,0.036362,0.037306,0.036734,0.037501,0.036176,0.035764,0.035114,0.034617,0.034829,0.032114,0.034765,0.033145,0.031748,0.031237,0.029359,0.030003,0.028131,0.029181,0.028260,0.028883,0.029199,0.026362,0.028541,0.026442,0.025911,0.024485,0.025463,0.024527,0.023860,0.023802,0.022323,0.020792,0.019303,0.020202,0.019239,0.018251,0.018450,0.017204,0.016146,0.017268,0.016594,0.014167,0.014221,0.014293,0.013497,0.013484,0.013803,0.013344,0.013240,0.011583,0.013110,0.012993,0.012313,0.012776,0.012019
69,0.041352,0.043912,0.040932,0.038996,0.043084,0.039643,0.041520,0.043433,0.039007,0.037926,0.038103,0.036362,0.040803,0.043217,0.040315,0.041252,0.039029,0.040155,0.039267,0.041422,0.038920,0.037340,0.035376,0.036584,0.037151,0.034713,0.033159,0.032960,0.034685,0.032217,0.032838,0.031335,0.027932,0.028951,0.028689,0.030139,0.030680,0.030203,0.027607,0.026252,0.028148,0.027007,0.024260,0.024798,0.024575,0.023236,0.022277,0.022961,0.020557,0.019722,0.021015,0.020272,0.017864,0.017581,0.015841,0.016575,0.015599,0.016004,0.017324,0.016214,0.016119,0.015005,0.013551,0.014140,0.013976,0.014440,0.012896,0.013067,0.012320
70,0.043387,0.047027,0.042011,0.045300,0.043768,0.047315,0.046152,0.047411,0.042405,0.042546,0.043851,0.041489,0.044364,0.044548,0.043416,0.045072,0.041781,0.043121,0.043186,0.044147,0.042652,0.042731,0.041362,0.038656,0.036692,0.038691,0.038812,0.037519,0.036371,0.036044,0.033750,0.033365,0.033515,0.032695,0.033076,0.033776,0.032725,0.030569,0.032068,0.029470,0.030107,0.028890,0.029448,0.029386,0.026834,0.028466,0.025768,0.024836,0.023516,0.023246,0.023410,0.021225,0.020500,0.020221,0.019351,0.019578,0.016867,0.017515,0.016158,0.015783,0.016680,0.015558,0.016036,0.015441,0.015439,0.015178,0.013377,0.014530,0.014899
71,0.051469,0.053540,0.047688,0.052486,0.049441,0.050064,0.049022,0.053233,0.044536,0.045049,0.046902,0.043887,0.048300,0.050453,0.046474,0.047740,0.048624,0.050376,0.049095,0.045790,0.044708,0.044301,0.040945,0.042659,0.044625,0.040655,0.042296,0.041240,0.039400,0.038757,0.040679,0.038759,0.037359,0.036655,0.033357,0.033841,0.034013,0.031684,0.031635,0.030855,0.032200,0.031788,0.032994,0.029887,0.029685,0.031221,0.027765,0.025862,0.025460,0.026035,0.025280,0.024113,0.025504,0.020117,0.021474,0.019636,0.020409,0.019342,0.017427,0.018821,0.017562,0.018228,0.017929,0.017226,0.016267,0.017138,0.015233,0.015524,0.014765
72,0.056440,0.058825,0.054551,0.054007,0.054101,0.049873,0.054921,0.051150,0.048947,0.052128,0.050597,0.053749,0.052090,0.054282,0.051274,0.054940,0.051716,0.052560,0.049130,0.052692,0.051605,0.048732,0.050081,0.048159,0.050356,0.042878,0.047439,0.042226,0.042416,0.041177,0.042020,0.044759,0.040177,0.039485,0.038328,0.035959,0.036952,0.038762,0.034376,0.033196,0.037772,0.036419,0.032877,0.032114,0.030531,0.032374,0.032216,0.027544,0.028799,0.030119,0.028327,0.026794,0.026196,0.023778,0.021927,0.023309,0.020617,0.021540,0.019492,0.018782,0.020805,0.018252,0.018053,0.017702,0.018522,0.018371,0.017447,0.016891,0.017491
73,0.059697,0.066953,0.060454,0.059888,0.058047,0.058981,0.060180,0.058814,0.058936,0.057482,0.056989,0.059181,0.058859,0.057794,0.055472,0.055029,0.057729,0.052840,0.055435,0.062171,0.056655,0.056149,0.054304,0.050334,0.050457,0.049352,0.047644,0.046660,0.050525,0.045791,0.048198,0.045371,0.046449,0.045999,0.042029,0.040689,0.040146,0.039610,0.040226,0.039040,0.039332,0.038135,0.038338,0.037235,0.037442,0.035112,0.033241,0.030664,0.032947,0.031011,0.028829,0.029951,0.029159,0.026801,0.025005,0.025037,0.023998,0.023181,0.022306,0.021744,0.019966,0.019912,0.019551,0.021008,0.019297,0.020569,0.019503,0.019685,0.018322
74,0.068680,0.070022,0.069433,0.065248,0.060917,0.063543,0.064529,0.065240,0.060864,0.059132,0.061047,0.061011,0.068765,0.062154,0.058265,0.061037,0.064069,0.064377,0.060368,0.064381,0.062118,0.059260,0.060373,0.055713,0.057347,0.056289,0.053053,0.051146,0.054920,0.052843,0.051037,0.050284,0.051960,0.052338,0.047657,0.046092,0.045549,0.043994,0.044981,0.043556,0.040868,0.040546,0.041483,0.042968,0.038911,0.037526,0.037171,0.039655,0.034783,0.034951,0.033396,0.030733,0.031603,0.033066,0.029339,0.027068,0.026023,0.027527,0.025094,0.025402,0.024013,0.023170,0.023517,0.023019,0.021728,0.023053,0.020375,0.020484,0.020846
75,0.075275,0.075625,0.071508,0.074043,0.071892,0.067460,0.073688,0.073008,0.068000,0.070323,0.069544,0.068740,0.071079,0.074932,0.070380,0.069848,0.069311,0.067773,0.068471,0.069158,0.067297,0.064733,0.060736,0.065722,0.059660,0.061377,0.061508,0.058901,0.059713,0.057898,0.059494,0.057177,0.053053,0.052826,0.053240,0.055297,0.051715,0.050150,0.047487,0.050047,0.048118,0.048351,0.047942,0.043511,0.042679,0.042753,0.044779,0.041982,0.042638,0.038684,0.035501,0.036849,0.034316,0.033930,0.033927,0.031426,0.030241,0.027549,0.027775,0.028539,0.025655,0.026400,0.024120,0.025816,0.023469,0.024983,0.022967,0.023621,0.023487
76,0.084910,0.088445,0.081518,0.082099,0.081033,0.075826,0.081996,0.078458,0.072114,0.071313,0.075147,0.070774,0.078797,0.082070,0.068285,0.077457,0.074367,0.072024,0.079024,0.072328,0.069488,0.069525,0.070615,0.068687,0.067440,0.065255,0.067243,0.063794,0.061017,0.061044,0.059647,0.060569,0.058327,0.061289,0.057800,0.056886,0.057078,0.052141,0.054261,0.050407,0.053861,0.050201,0.049098,0.049389,0.052322,0.045544,0.043602,0.046294,0.045800,0.044223,0.042759,0.039966,0.036116,0.039171,0.033583,0.035175,0.035105,0.032116,0.030516,0.030325,0.029237,0.030474,0.027735,0.026943,0.025810,0.027719,0.025723,0.025652,0.023779
77,0.085421,0.095058,0.086355,0.089303,0.086621,0.093402,0.094172,0.091157,0.083046,0.081579,0.083021,0.078451,0.084630,0.097807,0.073239,0.089087,0.076745,0.080107,0.086355,0.078817,0.082507,0.078760,0.075562,0.074473,0.075879,0.071459,0.075050,0.072285,0.073060,0.070845,0.066509,0.068266,0.062082,0.067867,0.060844,0.064639,0.062506,0.060306,0.061987,0.060601,0.055772,0.058326,0.053815,0.055569,0.051430,0.052976,0.051068,0.048778,0.048251,0.049171,0.045820,0.044409,0.043230,0.042199,0.040302,0.036972,0.037832,0.035396,0.034522,0.035551,0.035631,0.032504,0.032867,0.030602,0.031368,0.030409,0.029761,0.029735,0.025784
78,0.094334,0.105797,0.090847,0.094211,0.098377,0.105034,0.099637,0.099100,0.089052,0.089461,0.100260,0.086243,0.097623,0.097234,0.083903,0.097676,0.086261,0.087020,0.093317,0.093498,0.083779,0.085814,0.082212,0.082486,0.077625,0.078003,0.077573,0.072452,0.078345,0.073093,0.073935,0.076924,0.071706,0.069501,0.070813,0.066434,0.064711,0.065285,0.066582,0.064991,0.068216,0.061856,0.062087,0.062243,0.058424,0.059814,0.056930,0.052293,0.059383,0.050464,0.052482,0.048991,0.048851,0.046147,0.042971,0.045837,0.040722,0.038597,0.040809,0.041357,0.039124,0.037504,0.035864,0.035761,0.033601,0.035460,0.030186,0.030972,0.030606
79,0.108412,0.107447,0.109222,0.109790,0.100171,0.111272,0.109720,0.105266,0.100719,0.102054,0.106736,0.099662,0.103658,0.110724,0.100827,0.095580,0.105308,0.094293,0.097690,0.100632,0.091884,0.101653,0.087317,0.095768,0.086187,0.089347,0.090531,0.084267,0.083291,0.082880,0.081896,0.082307,0.078307,0.081457,0.073360,0.074858,0.073273,0.074505,0.070644,0.068998,0.074681,0.065525,0.069228,0.070785,0.062279,0.065545,0.061242,0.060663,0.059738,0.059817,0.057107,0.054409,0.053153,0.052646,0.047839,0.046690,0.049861,0.046312,0.042343,0.042188,0.044180,0.041481,0.042702,0.038604,0.035207,0.039857,0.034141,0.036549,0.036154
80,0.114850,0.123532,0.116460,0.120399,0.121524,0.123395,0.129055,0.117401,0.107973,0.108184,0.110528,0.111290,0.107877,0.120590,0.112894,0.112027,0.106721,0.099576,0.115100,0.106984,0.100717,0.105524,0.100256,0.103561,0.102201,0.097889,0.094850,0.094469,0.101287,0.091924,0.093481,0.090666,0.094363,0.085479,0.084769,0.085651,0.082518,0.082565,0.079815,0.078526,0.078968,0.076318,0.070940,0.074211,0.068896,0.071153,0.070727,0.068209,0.067447,0.066174,0.065570,0.060302,0.059906,0.059260,0.052356,0.057086,0.054156,0.053067,0.047876,0.047554,0.047956,0.047463,0.045388,0.042921,0.040812,0.044005,0.039251,0.039130,0.040587
81,0.130344,0.134237,0.128540,0.138269,0.120754,0.136146,0.144496,0.125005,0.113362,0.116129,0.125339,0.113477,0.120786,0.127727,0.117266,0.126305,0.107969,0.109794,0.124037,0.115640,0.115908,0.118822,0.113647,0.104128,0.105300,0.107051,0.107094,0.103029,0.106107,0.101623,0.101053,0.104669,0.101062,0.097890,0.097474,0.092734,0.093499,0.085725,0.089476,0.088044,0.086337,0.086076,0.088017,0.083667,0.083614,0.074931,0.079019,0.076901,0.076440,0.073952,0.074925,0.069475,0.068168,0.067980,0.064741,0.059348,0.059343,0.058195,0.055587,0.055965,0.055111,0.051605,0.051037,0.052049,0.050720,0.049736,0.047414,0.045458,0.047209
82,0.145481,0.152456,0.142610,0.147915,0.141246,0.145569,0.137655,0.143242,0.132912,0.141755,0.138288,0.119787,0.137978,0.141757,0.125184,0.144284,0.127099,0.133035,0.127805,0.130505,0.122086,0.127865,0.119100,0.122243,0.115053,0.119100,0.119962,0.112296,0.114800,0.114146,0.108842,0.110279,0.111940,0.111604,0.100738,0.105027,0.101252,0.101240,0.098618,0.097702,0.099419,0.105716,0.092074,0.088754,0.090954,0.087811,0.085549,0.088936,0.083452,0.080684,0.085541,0.076137,0.072950,0.077372,0.072015,0.074525,0.071514,0.067496,0.065891,0.068255,0.063265,0.062408,0.059743,0.061074,0.056597,0.057878,0.053766,0.055707,0.052924
83,0.148907,0.164569,0.156114,0.173251,0.164934,0.157642,0.167149,0.151660,0.142801,0.145098,0.147617,0.150282,0.153907,0.159146,0.149451,0.147408,0.145729,0.132399,0.147680,0.140594,0.144060,0.141007,0.136736,0.134992,0.131943,0.126597,0.127079,0.122633,0.137371,0.122067,0.133875,0.132468,0.114026,0.125042,0.109188,0.107273,0.114541,0.102709,0.109521,0.111292,0.108269,0.105291,0.104782,0.101886,0.099171,0.100918,0.098492,0.090974,0.096653,0.096787,0.088252,0.090613,0.087537,0.080679,0.080117,0.084563,0.077669,0.073474,0.074049,0.074059,0.072762,0.070473,0.065565,0.064123,0.064655,0.067037,0.060208,0.059043,0.057067
84,0.169192,0.171863,0.167075,0.172930,0.172099,0.168250,0.171098,0.182756,0.146169,0.152154,0.162439,0.144461,0.165188,0.169507,0.148555,0.155988,0.168471,0.160138,0.165529,0.155612,0.141967,0.150145,0.143886,0.140697,0.147993,0.132185,0.143335,0.132808,0.131241,0.128508,0.143610,0.134770,0.126208,0.139094,0.128310,0.125276,0.119834,0.121337,0.125101,0.120634,0.120254,0.121782,0.115291,0.113374,0.113258,0.110774,0.107183,0.104310,0.111011,0.104236,0.099227,0.101892,0.099404,0.101376,0.088804,0.091257,0.087069,0.088595,0.086378,0.080357,0.082867,0.075565,0.075466,0.078326,0.072779,0.070924,0.067950,0.065672,0.065345
85,0.179927,0.199332,0.191957,0.206880,0.187632,0.184742,0.181297,0.172956,0.172990,0.165150,0.182338,0.170435,0.185879,0.186254,0.162599,0.174938,0.167319,0.155101,0.172812,0.179443,0.170087,0.176539,0.161901,0.166619,0.163827,0.156615,0.150224,0.149470,0.149694,0.152448,0.140679,0.141333,0.139816,0.143237,0.136665,0.140358,0.129520,0.130948,0.130425,0.126260,0.140992,0.131309,0.129816,0.122121,0.121294,0.124394,0.119944,0.117887,0.117707,0.118751,0.115577,0.104471,0.104104,0.116629,0.100241,0.103833,0.097451,0.095149,0.091634,0.094304,0.089378,0.087911,0.086726,0.092977,0.079942,0.086434,0.082517,0.079037,0.078182
86,0.190487,0.230941,0.202126,0.209969,0.206042,0.209276,0.202088,0.217282,0.201259,0.197629,0.187488,0.177839,0.201769,0.212192,0.188336,0.193943,0.187524,0.179721,0.183856,0.188616,0.177949,0.179465,0.176337,0.159007,0.161059,0.170365,0.173502,0.160962,0.157238,0.174318,0.170131,0.160222,0.158073,0.159682,0.144079,0.163555,0.144967,0.147055,0.148213,0.150217,0.158237,0.146658,0.125651,0.138485,0.129878,0.137600,0.130091,0.127819,0.137237,0.121183,0.127711,0.121369,0.119944,0.123051,0.113527,0.115576,0.109900,0.109101,0.113367,0.106144,0.103263,0.106399,0.103004,0.098166,0.094476,0.094783,0.091871,0.090329,0.085932
87,0.219281,0.232160,0.207901,0.236754,0.219050,0.236115,0.267521,0.236282,0.204872,0.210870,0.214970,0.210173,0.236324,0.239784,0.214723,0.215022,0.211767,0.191814,0.219986,0.196734,0.214083,0.201050,0.179568,0.186086,0.199006,0.183724,0.178905,0.170096,0.180168,0.167641,0.175637,0.177884,0.176506,0.177016,0.169860,0.170112,0.156656,0.145817,0.158346,0.161233,0.177697,0.150759,0.156362,0.154015,0.150461,0.141280,0.142703,0.151190,0.153538,0.139053,0.138566,0.134489,0.136713,0.140354,0.124773,0.128984,0.123274,0.126770,0.124622,0.125645,0.121550,0.114677,0.116845,0.114426,0.114613,0.106756,0.109352,0.104588,0.100590
88,0.260520,0.277231,0.253854,0.254558,0.259306,0.263099,0.274943,0.244224,0.228685,0.231527,0.245246,0.215869,0.253677,0.252457,0.226584,0.225407,0.253017,0.197877,0.234520,0.209437,0.208412,0.234764,0.193536,0.208124,0.208526,0.206508,0.209668,0.188213,0.202998,0.200504,0.203346,0.195938,0.185241,0.194366,0.188938,0.181445,0.174185,0.181856,0.175631,0.179829,0.187809,0.170352,0.170630,0.160775,0.171902,0.161017,0.164856,0.160499,0.160056,0.165219,0.153155,0.154989,0.149040,0.160385,0.141311,0.143873,0.148067,0.144666,0.130897,0.130922,0.130355,0.131482,0.126764,0.131377,0.126803,0.129324,0.119400,0.122993,0.113313
89,0.271657,0.290444,0.274404,0.318697,0.273438,0.278178,0.325363,0.283031,0.277597,0.239571,0.264263,0.218816,0.248607,0.277871,0.233994,0.246996,0.269028,0.226749,0.244188,0.238641,0.233024,0.227887,0.223812,0.245325,0.201311,0.205299,0.231246,0.212236,0.209218,0.198050,0.211679,0.228424,0.205816,0.220336,0.205012,0.208272,0.203010,0.187729,0.190388,0.195829,0.202770,0.189311,0.198907,0.196610,0.184594,0.189077,0.179317,0.185844,0.184615,0.180347,0.173971,0.160892,0.163271,0.168200,0.153524,0.166321,0.163549,0.162134,0.157397,0.151410,0.162334,0.146104,0.144262,0.145024,0.137482,0.148706,0.134975,0.137747,0.125472
90,0.255513,0.335404,0.295576,0.280561,0.329990,0.310160,0.311136,0.254919,0.284821,0.332800,0.294904,0.251015,0.285760,0.328155,0.306754,0.284946,0.288023,0.246178,0.258704,0.283406,0.246773,0.225609,0.234462,0.243738,0.268706,0.238295,0.257083,0.238012,0.220426,0.220969,0.231418,0.260159,0.233357,0.235031,0.232068,0.228203,0.198776,0.198894,0.215295,0.215975,0.229999,0.220450,0.192587,0.198760,0.197338,0.205410,0.211718,0.203176,0.202167,0.199815,0.186239,0.191437,0.178808,0.194578,0.181902,0.184236,0.180645,0.183020,0.177446,0.181324,0.166094,0.168311,0.175656,0.157161,0.160028,0.170650,0.153988,0.156379,0.156178
91,0.313704,0.338839,0.368369,0.308398,0.284827,0.340463,0.303178,0.309091,0.279496,0.287623,0.306280,0.298957,0.287878,0.314890,0.289517,0.313991,0.281556,0.292232,0.314448,0.285732,0.265881,0.279773,0.296140,0.303545,0.268001,0.236875,0.272979,0.242534,0.251870,0.254377,0.238937,0.248553,0.247103,0.254079,0.252888,0.249640,0.281513,0.241105,0.248594,0.256413,0.260456,0.224985,0.227232,0.218735,0.234544,0.245051,0.224499,0.233411,0.224873,0.222307,0.212169,0.214618,0.205650,0.210446,0.208864,0.205069,0.196754,0.193066,0.203211,0.207006,0.188178,0.192479,0.185253,0.199206,0.175722,0.197580,0.182024,0.175608,0.180781
92,0.334177,0.452740,0.382879,0.375000,0.370701,0.356286,0.345800,0.349548,0.324742,0.275258,0.346950,0.357798,0.318830,0.362327,0.328910,0.324770,0.284978,0.324735,0.306143,0.294525,0.312142,0.274746,0.263933,0.245118,0.289874,0.335206,0.310298,0.253500,0.282243,0.314149,0.277569,0.285706,0.269545,0.283958,0.237764,0.233559,0.272895,0.258898,0.259615,0.237134,0.275846,0.261990,0.236389,0.265558,0.233607,0.283919,0.265604,0.249442,0.241844,0.251387,0.260744,0.246241,0.242272,0.249539,0.232735,0.226623,0.221521,0.236587,0.230390,0.228613,0.219690,0.204894,0.216779,0.205862,0.209597,0.214808,0.203722,0.204369,0.208452
93,0.288889,0.383133,0.333333,0.396694,0.396642,0.384045,0.250444,0.369792,0.310102,0.361190,0.343840,0.333584,0.361919,0.381500,0.338811,0.394969,0.363068,0.337611,0.373774,0.311193,0.337777,0.306217,0.334555,0.307723,0.325710,0.294575,0.353282,0.272264,0.309045,0.264440,0.303809,0.286036,0.262552,0.291534,0.276258,0.292473,0.303362,0.282681,0.289777,0.316673,0.306000,0.301640,0.279214,0.278367,0.276480,0.265117,0.276633,0.291502,0.249419,0.283449,0.259753,0.268163,0.267578,0.259042,0.235252,0.276852,0.244652,0.246402,0.243292,0.231730,0.243337,0.236142,0.255647,0.256393,0.239759,0.250708,0.225591,0.241418,0.221320
94,0.385214,0.420863,0.332180,0.358974,0.367776,0.330709,0.392811,0.385876,0.286765,0.368421,0.402893,0.346614,0.333333,0.346639,0.398979,0.408164,0.377499,0.347126,0.375266,0.338273,0.390728,0.362217,0.358008,0.330453,0.361020,0.332375,0.364593,0.321535,0.371162,0.345145,0.295460,0.315122,0.302873,0.317990,0.290850,0.343290,0.354454,0.286588,0.303452,0.270277,0.320084,0.292450,0.275987,0.320392,0.313061,0.316633,0.316148,0.299544,0.330048,0.297496,0.312372,0.280236,0.261974,0.292170,0.270036,0.279199,0.252026,0.258416,0.270862,0.249320,0.285125,0.263357,0.273026,0.272807,0.273261,0.285472,0.253618,0.259124,0.254969
95,0.282828,0.401163,0.311881,0.358852,0.357995,0.403101,0.422535,0.349727,0.472795,0.411248,0.352941,0.481481,0.375000,0.364217,0.403670,0.304405,0.408887,0.440234,0.377054,0.462647,0.385913,0.382061,0.392722,0.409968,0.367677,0.341232,0.399431,0.351190,0.326819,0.317197,0.384789,0.312453,0.381764,0.405676,0.310545,0.356859,0.292373,0.350193,0.350811,0.327686,0.351217,0.320910,0.310408,0.295764,0.320389,0.347920,0.307194,0.371048,0.356011,0.337799,0.287556,0.328534,0.322899,0.346738,0.292930,0.309173,0.326450,0.297188,0.286668,0.276632,0.311511,0.290807,0.299781,0.318559,0.294627,0.280715,0.284563,0.286245,0.283540
96,0.284211,0.652174,0.514286,0.336842,0.390879,0.412371,0.660793,0.394161,0.603550,0.294479,0.467532,0.357513,0.681159,0.456221,0.444444,0.443418,0.458758,0.389039,0.460830,0.421735,0.344093,0.402929,0.373397,0.301812,0.430349,0.353220,0.379276,0.350670,0.436806,0.358795,0.383008,0.379757,0.371370,0.396741,0.396569,0.349478,0.409974,0.374685,0.340063,0.323779,0.315016,0.378215,0.370825,0.317798,0.326346,0.373046,0.369603,0.346828,0.308852,0.378048,0.348234,0.354158,0.360406,0.316758,0.346685,0.375018,0.315625,0.324900,0.349204,0.298974,0.324477,0.319193,0.343324,0.347391,0.310379,0.337568,0.304045,0.337486,0.308697
97,0.411765,0.230769,0.566038,0.507692,0.629834,0.367347,0.589595,0.308824,0.347368,0.421053,0.348214,0.282609,0.704348,0.526316,0.395833,0.423529,0.355263,0.411198,0.435572,0.598495,0.471814,0.324812,0.510618,0.427273,0.416439,0.432505,0.403221,0.326388,0.382442,0.474958,0.387212,0.381431,0.507235,0.341034,0.379139,0.402320,0.403456,0.402772,0.385495,0.413781,0.375739,0.351978,0.316927,0.354155,0.390042,0.374572,0.378029,0.359609,0.438190,0.422664,0.387534,0.395510,0.398095,0.404025,0.378267,0.389004,0.369811,0.339031,0.300220,0.356312,0.387665,0.360802,0.367064,0.382231,0.351597,0.368968,0.347235,0.356251,0.345165
98,0.535714,0.410959,0.409091,0.181818,0.591549,0.504673,0.512821,0.407767,0.482759,0.421875,0.485294,0.394737,0.395604,0.816000,0.573529,0.554913,0.496815,0.531250,0.463308,0.405015,0.485246,0.676612,0.367500,0.426712,0.373191,0.407744,0.496221,0.395335,0.325043,0.377303,0.418421,0.396419,0.372551,0.439231,0.400418,0.496551,0.398131,0.435398,0.349218,0.397720,0.543841,0.349298,0.400527,0.399682,0.441905,0.373616,0.373648,0.421808,0.419221,0.383694,0.356086,0.394888,0.466186,0.467608,0.456324,0.421856,0.382578,0.324489,0.387510,0.404777,0.373257,0.315760,0.481276,0.381323,0.410111,0.369440,0.334197,0.390478,0.395126
99,0.127660,0.315789,0.272727,0.483871,0.638298,0.714286,0.375000,0.450000,0.500000,0.406780,0.683544,0.204545,0.500000,0.403846,0.410959,0.361446,0.550459,0.242424,0.446281,0.498320,0.645534,0.662793,0.624432,0.505508,0.371866,0.528252,0.503739,0.333166,0.580463,0.480696,0.478109,0.326569,0.490444,0.489785,0.373498,0.440697,0.429600,0.424206,0.434264,0.491710,0.506487,0.450616,0.366452,0.539643,0.450621,0.489633,0.514339,0.513561,0.405825,0.465608,0.479826,0.409059,0.394118,0.548959,0.485122,0.486965,0.422444,0.363102,0.423584,0.392788,0.440195,0.410273,0.433899,0.373986,0.435170,0.516128,0.406496,0.443733,0.397104
100,1.285714,0.720000,0.692308,0.444444,0.300000,0.363636,0.000000,0.255319,0.113208,0.400000,0.473684,0.327273,0.750000,0.823529,0.642857,0.818182,0.510638,0.521739,0.900000,0.507042,0.569173,0.621646,0.275405,0.800457,0.344056,1.092401,0.471804,0.335781,0.391970,0.434754,0.690052,0.388726,0.498615,0.344024,0.499010,0.340725,0.299723,0.628557,0.425415,0.572452,0.628936,0.414265,0.576755,0.414087,0.509568,0.490294,0.407007,0.728831,0.516245,0.484680,0.483174,0.400754,0.501106,0.554605,0.432595,0.448683,0.472816,0.537991,0.559947,0.463886,0.488270,0.449958,0.498586,0.485592,0.368291,0.467283,0.350481,0.339583,0.370407
101,0.857143,0.000000,0.428571,0.375000,1.090909,0.857143,0.300000,0.272727,0.000000,1.090909,0.947368,1.333333,0.400000,1.333333,0.375000,0.240000,0.782609,0.214286,0.514286,1.333333,0.631579,0.660523,1.109989,0.540847,0.361992,0.489178,0.102776,0.913974,0.921035,0.200745,0.394626,0.989237,0.869415,0.583278,0.810901,0.538704,0.273293,0.475406,0.668756,0.404274,0.517563,0.637258,0.348482,0.636968,0.593149,0.532095,0.790428,0.623624,0.557027,0.458626,0.633005,0.429121,0.615701,0.348786,0.512381,0.376468,0.567111,0.504641,0.561319,0.370379,0.586501,0.503744,0.487118,0.465969,0.520701,0.555105,0.512537,0.522865,0.404134
102,1.200000,1.500000,2.000000,0.000000,0.461538,0.000000,0.461538,0.923077,0.315789,0.500000,0.000000,0.000000,0.857143,0.428571,0.750000,0.461538,0.428571,0.800000,0.352941,0.315789,0.000000,0.500000,0.566909,0.798004,2.123844,1.641854,0.000000,0.248880,0.147526,0.476078,0.795178,0.293643,0.222158,1.120300,0.437903,0.546944,0.277915,0.406348,0.371223,0.381925,0.699786,0.510284,0.664840,0.891703,0.507908,0.508982,0.378300,0.511726,0.423083,0.411929,0.663034,0.569152,0.516392,0.403516,0.493221,0.508534,0.626951,0.792151,0.516210,0.631323,0.610351,0.596787,0.508588,0.555229,0.511768,0.541434,0.528183,0.494442,0.627520
103,0.000000,3.000000,.,0.000000,0.000000,1.333333,3.000000,1.500000,0.000000,2.000000,0.000000,0.800000,0.000000,0.000000,0.000000,0.600000,1.200000,0.857143,0.000000,0.461538,0.000000,2.400000,0.600000,1.326579,.,0.000000,0.463663,0.915719,0.638672,0.215774,0.688214,0.171846,0.950007,1.677441,0.260117,0.415626,0.751143,0.552914,0.385726,0.295092,0.304338,1.015458,0.569501,1.062400,1.130483,0.617238,0.645420,0.366798,0.613757,0.440019,0.611592,0.133537,0.787544,0.730783,0.424679,0.638430,0.400808,0.676541,0.759919,0.304648,0.489321,0.793628,0.555474,0.414751,0.429649,0.431578,0.712955,0.690866,0.661622
104,.,.,.,.,0.000000,1.500000,.,.,0.000000,1.500000,0.000000,0.000000,0.000000,1.200000,0.000000,0.000000,0.000000,0.000000,1.500000,3.000000,1.500000,0.750000,0.000000,0.000000,1.200000,.,0.000000,0.000000,0.794622,1.586779,1.004664,0.457958,0.376170,1.199203,0.000000,0.796359,1.979917,0.499211,0.314529,0.271864,0.285754,0.773826,0.213573,0.818152,1.362201,0.000000,0.497848,0.398121,0.379274,0.867782,0.833524,0.746061,0.923507,0.580724,1.079809,0.775828,0.204600,0.654313,0.631839,0.571927,0.838924,0.449333,0.709557,0.930264,0.377116,0.279227,0.429905,0.559144,0.510346
105,.,.,.,.,.,0.000000,0.000000,.,.,6.000000,.,0.000000,0.000000,0.750000,3.000000,0.000000,0.000000,0.000000,0.000000,.,.,0.000000,0.000000,0.000000,6.000000,.,.,0.000000,1.205021,3.967303,5.779760,0.000000,0.542307,0.754797,0.000000,0.000000,0.000000,0.000000,0.664551,0.640084,0.398645,0.501182,0.703579,0.350634,1.506167,0.000000,1.001815,1.037509,0.779781,1.773332,1.353236,0.855931,1.492073,0.642871,0.000000,0.658750,1.083441,0.500197,0.793268,0.970742,0.616330,0.990791,0.895336,0.612769,0.993374,0.993303,1.177164,1.087908,0.580560
106,.,.,.,.,.,.,6.000000,.,.,.,.,.,0.000000,0.000000,0.000000,.,6.000000,6.000000,6.000000,.,.,.,0.000000,0.000000,0.000000,.,.,.,.,.,.,.,0.000000,1.193209,0.000000,1.493935,0.000000,3.009677,0.000000,1.325482,0.000000,0.570089,0.800344,0.000000,1.195098,0.000000,0.000000,4.005050,0.848726,0.749074,0.000000,1.223102,5.927849,1.478803,0.315367,0.926425,1.470361,0.937236,0.231120,0.629510,0.463852,0.000000,0.631352,0.000000,1.041463,0.373778,0.478991,1.328187,0.430253
107,.,.,.,.,.,.,.,.,.,.,.,.,.,0.000000,1.200000,0.000000,.,.,.,.,.,.,.,0.000000,1.200000,0.000000,.,.,.,.,.,.,.,.,0.000000,0.000000,0.000000,.,.,.,1.482802,1.489069,0.000000,1.333066,3.026486,0.000000,0.000000,3.023774,.,0.000000,0.000000,1.498628,.,.,5.829376,0.000000,0.752579,.,0.000000,0.376714,0.000000,1.346759,1.464802,1.313416,0.349979,1.291068,2.534796,0.673651,0.496198
108,.,.,.,.,.,.,.,.,.,.,.,.,.,.,.,0.000000,0.000000,.,.,.,.,.,.,.,.,6.000000,.,.,.,.,.,.,.,.,.,0.000000,4.010859,.,.,.,.,0.000000,0.000000,1.193620,0.000000,.,0.000000,0.000000,.,.,0.000000,0.000000,0.000000,.,.,.,5.915483,.,.,0.000000,0.465157,1.464559,3.041835,.,0.000000,0.742432,0.000000,5.742222,0.000000
109,.,.,.,.,.,.,.,.,.,.,.,.,.,.,.,.,0.000000,3.000000,.,.,.,.,.,.,.,.,.,.,.,.,.,.,.,.,.,.,.,.,.,.,.,.,5.864910,.,0.000000,3.028019,.,5.784904,.,.,.,0.000000,3.964165,.,.,.,.,.,.,.,0.592245,0.000000,.,.,.,.,1.459278,3.051774,.
110,.,.,.,.,.,.,.,.,.,.,.,.,.,.,.,.,.,.,.,.,.,.,.,.,.,.,.,.,.,.,.,.,.,.,.,.,.,.,.,.,.,.,.,.,.,.,.,.,.,.,.,.,.,.,.,.,.,.,.,.,.,0.000000,0.758356,.,.,.,.,.,.
111,.,.,.,.,.,.,.,.,.,.,.,.,.,.,.,.,.,.,.,.,.,.,.,.,.,.,.,.,.,.,.,.,.,.,.,.,.,.,.,.,.,.,.,.,.,.,.,.,.,.,.,.,.,.,.,.,.,.,.,.,.,.,0.000000,0.000000,0.000000,0.000000,0.000000,0.599733,3.054709
